﻿<?xml version="1.0" encoding="utf-8" ?>
<Products>
  
  <TileGroup Header="All Controls">
    <Tile Header="Association Rules" CategoryName="Predictive Analytics" EnableNew="true" Type="AssociationRules.MainPage" Assembly="SampleBrowser"
           EnablePreview="false"/>
    <Tile Header="Clustering Model" CategoryName="Predictive Analytics" EnableNew="true" Type="ClusteringModel.MainPage" Assembly="SampleBrowser"
         EnablePreview="false"/>
    <Tile Header="Cox Regression" CategoryName="Predictive Analytics" EnableNew="true" Type="CoxRegression.MainPage" Assembly="SampleBrowser"
         EnablePreview="false"/>
    <Tile Header="General Regression" CategoryName="Predictive Analytics" EnableNew="true" Type="GeneralRegression.MainPage" Assembly="SampleBrowser"
         EnablePreview="false"/>
    <Tile Header="Gradient Boosting" CategoryName="Predictive Analytics" EnableNew="true" Type="GradientBoosting.MainPage" Assembly="SampleBrowser"
         EnablePreview="false"/>
   <Tile Header="Multinomial Regression" CategoryName="Predictive Analytics" EnableNew="true" Type="MultinomialRegression.MainPage" Assembly="SampleBrowser"
             EnablePreview="false"/>
   <Tile Header="Naive Bayes" CategoryName="Predictive Analytics" EnableNew="true" Type="NaiveBayes.MainPage" Assembly="SampleBrowser"
           EnablePreview="false"/>
    <Tile Header="Neural Networks" CategoryName="Predictive Analytics" EnableNew="true" Type="NeuralNetworks.MainPage" Assembly="SampleBrowser"
           EnablePreview="false"/>
   <Tile Header="Random Forest" CategoryName="Predictive Analytics" EnableNew="true" Type="RandomForest.MainPage" Assembly="SampleBrowser"
           EnablePreview="false"/>
    <Tile Header="Regression" CategoryName="Predictive Analytics" EnableNew="true" Type="Regression.MainPage" Assembly="SampleBrowser"
          EnablePreview="false"/>
    <Tile Header="Support Vector Machine" CategoryName="Predictive Analytics" EnableNew="true" Type="SupportVectorMachine.MainPage" Assembly="SampleBrowser"
          EnablePreview="false"/>
    <Tile Header="Tree Model" CategoryName="Predictive Analytics" EnableNew="true" Type="TreeModel.MainPage" Assembly="SampleBrowser"
          EnablePreview="false"/>
  </TileGroup>

</Products>