<?xml version="1.0" encoding="utf-8" ?>
<Products>
    <TileGroup Header="Showcase">
    

    
    <Tile Header="Expense Analysis"
            Type="ExpenseAnalysisDemo.StockAnalysis"
            Assembly="SampleBrowser" Color="#FF949F44"
            ShowAppBar="True"
            AppBarColor="#FF292C2A"
           Description="This sample analyzes the historical stock prices of several companies."/>

  </TileGroup>
  
  <TileGroup Header="All Controls">
   <Tile Header="GETTING STARTED" CategoryName="DataGrid" Type="Grid.MainPage" Assembly="SampleBrowser"
              EnableUpdated="false"/>

     <Tile Header="DATA BINDING" CategoryName="DataGrid" Type="Grid.MainPage" Assembly="SampleBrowser"
              EnableUpdated="false"/>
    
    <Tile Header="DATA PRESENTATION" CategoryName="DataGrid" Type="Grid.MainPage" Assembly="SampleBrowser"
              EnableUpdated="false"/>
    
       <Tile Header="FILTERING" CategoryName="DataGrid" Type="Grid.MainPage" Assembly="SampleBrowser"
              EnableUpdated="false"/>
    
       <Tile Header="MASTER DETAIL" CategoryName="DataGrid" Type="Grid.MainPage" Assembly="SampleBrowser"
              EnableUpdated="false"/>
    
     <Tile Header="DATA VIRTUALIZATION" CategoryName="DataGrid" Type="Grid.MainPage" Assembly="SampleBrowser"
              EnableUpdated="false"/>
    
 <Tile Header="EDITING" CategoryName="DataGrid" Type="Grid.MainPage" Assembly="SampleBrowser"
              EnableUpdated="false"/>
    
     <Tile Header="DATA VALIDATION" CategoryName="DataGrid" Type="Grid.MainPage" Assembly="SampleBrowser"
              EnableUpdated="false"/>
    
 <Tile Header="SELECTION" CategoryName="DataGrid" Type="Grid.MainPage" Assembly="SampleBrowser"
              EnableUpdated="false"/>
    
     <Tile Header="PERFORMANCE" CategoryName="DataGrid" Type="Grid.MainPage" Assembly="SampleBrowser"
              EnableUpdated="false"/>
    
    <Tile Header="APPEARANCE" CategoryName="DataGrid" Type="Grid.MainPage" Assembly="SampleBrowser"
              EnableUpdated="false"/>
    
    <Tile Header="INTERACTIVE FEATURES" CategoryName="DataGrid" Type="Grid.MainPage" Assembly="SampleBrowser"
              EnableUpdated="false"/>
         
      <Tile Header="SERIALIZATION" CategoryName="DataGrid" Type="Grid.MainPage" Assembly="SampleBrowser"
              EnableUpdated="false"/>
    
   <Tile Header="EXPORTING" CategoryName="DataGrid" Type="Grid.MainPage" Assembly="SampleBrowser"
              EnableUpdated="false"/>
       
 <Tile Header="PRINTING" CategoryName="DataGrid" Type="Grid.MainPage" Assembly="SampleBrowser"
              EnableUpdated="false"/>
    
   <Tile Header="LOCALIZATION" CategoryName="DataGrid" Type="Grid.MainPage" Assembly="SampleBrowser"
              EnableUpdated="false"/>
  
 <Tile Header="MULTICOLUMDROPDOWN" CategoryName="Editor" Type="Grid.MainPage" Assembly="SampleBrowser"
              EnableUpdated="false"/>
  </TileGroup>
</Products>