<?xml version="1.0" encoding="utf-8" ?>
<SampleBrowser>
<Assemblies Prefix="Syncfusion.SampleBrowser.UWP" QualifiedInfo="Version=1.0.0.0, Culture=neutral, PublicKeyToken=null" ConfigurationFile="SamplesConfiguration">
  <Assembly Name="SfCellGrid" />
  <Assembly Name="SfChart" />
  <Assembly Name="Layout" />
  <Assembly Name="Editors" />
  <Assembly Name="Navigation" />
  <Assembly Name="Barcode" />
  <Assembly Name="BulletGraph" />
  <Assembly Name="Diagram" />
  <Assembly Name="Calculate" />
  <Assembly Name="DocIO" />
  <Assembly Name="Gauge" />
  <Assembly Name="HeatMap" />
  <Assembly Name="Maps" />
  <Assembly Name="Pdf" />
  <Assembly Name="PdfViewer" />
  <Assembly Name="PivotClient" />
  <Assembly Name="PivotChart" />
  <Assembly Name="PivotGauge" />
  <Assembly Name="PivotGrid" />
  <Assembly Name="PredictiveAnalytics" />
  <Assembly Name="Presentation" />
  <Assembly Name="RichTextEditor" />
  <Assembly Name="Schedule" />
  <Assembly Name="SfChart3D" />
  <Assembly Name="SfDataGrid" />
  <Assembly Name="SfKanban"/>
  <Assembly Name="SfRangeNavigator" />
  <Assembly Name="SfSmithChart" />
  <Assembly Name="SfSparkline" />
  <Assembly Name="SfSpreadsheet" />
  <Assembly Name="SfTreeGrid" />
  <Assembly Name="TreeMap" />
  <Assembly Name="XlsIO" />
  <Assembly Name="SfSunburstChart" />
  <Assembly Name="SfGantt"/>
  <Assembly Name="ImageEditor"/>
</Assemblies>
</SampleBrowser>
