﻿<?xml version="1.0" encoding="utf-8"?>
<Roots >
  <Roots.PropertyPathNames>
    <RootPropertyPathName Name="ScheduleType" />
    <RootPropertyPathName Name="Foreground" />
    <RootPropertyPathName Name="Content" />
    <RootPropertyPathName Name="FilePath" />
    <RootPropertyPathName Name="NewTagPath" />
    <RootPropertyPathName Name="ImagePath" />
  </Roots.PropertyPathNames>
  <Roots.RootTypes>
    <RootType FullName="Windows.UI.Xaml.Application">
      <RootProperty Name="RequestedTheme" />
    </RootType>
    <RootType FullName="Common.SampleLayout">
      <RootProperty Name="Sample" />
      <RootProperty Name="Setting" />
      <RootProperty Name="Resources" />
    </RootType>
    <RootType FullName="Windows.UI.Xaml.Controls.ContentControl">
      <RootProperty Name="Content" />
      <RootProperty Name="ContentTemplate" />
      <RootProperty Name="Background" />
    </RootType>
    <RootType FullName="Syncfusion.UI.Xaml.Schedule.SfSchedule">
      <RootProperty Name="MinorTickTimeFormat" />
      <RootProperty Name="ScheduleType" />
      <RootProperty Name="ShowAllDay" />
      <RootProperty Name="WorkEndHour" />
      <RootProperty Name="WorkStartHour" />
      <RootProperty Name="IsHighLightWorkingHours" />
      <RootProperty Name="IntervalHeight" />
    </RootType>
    <RootType FullName="Windows.UI.Xaml.Controls.Grid">
      <RootProperty Name="RowDefinitions" />
      <RootProperty Name="Children" />
      <RootProperty Name="Width" />
      <RootProperty Name="Height" />
      <RootProperty Name="HorizontalAlignment" />
      <RootProperty Name="Margin" />
      <RootProperty Name="Background" />
      <RootProperty Name="ColumnDefinitions" />
      <RootMethod Name="GetRow" />
      <RootMethod Name="SetRow" />
      <RootMethod Name="GetColumn" />
      <RootMethod Name="SetColumn" />
    </RootType>
    <RootType FullName="Windows.UI.Xaml.Controls.RowDefinition">
      <RootProperty Name="Height" />
    </RootType>
    <RootType FullName="Windows.UI.Xaml.Controls.TextBlock">
      <RootProperty Name="Margin" />
      <RootProperty Name="VerticalAlignment" />
      <RootProperty Name="Text" />
      <RootProperty Name="Foreground" />
      <RootProperty Name="FontSize" />
      <RootProperty Name="TextAlignment" />
      <RootProperty Name="Width" />
      <RootProperty Name="MaxHeight" />
      <RootProperty Name="TextTrimming" />
      <RootProperty Name="FontFamily" />
      <RootProperty Name="Visibility" />
      <RootProperty Name="FontWeight" />
      <RootProperty Name="Opacity" />
      <RootProperty Name="Style" />
    </RootType>
    <RootType FullName="Windows.UI.Xaml.Controls.ComboBox">
      <RootProperty Name="Margin" />
      <RootProperty Name="Width" />
      <RootProperty Name="VerticalAlignment" />
      <RootProperty Name="SelectedItem" />
    </RootType>
    <RootType FullName="Windows.UI.Xaml.Data.Binding">
      <RootProperty Name="ElementName" />
      <RootProperty Name="Mode" />
      <RootProperty Name="Path" />
      <RootProperty Name="RelativeSource" />
    </RootType>
    <RootType FullName="ScheduleUWP_Samples.GettingStarted" />
    <RootType FullName="Windows.UI.Xaml.Controls.Primitives.ToggleButton">
      <RootProperty Name="HorizontalAlignment" />
      <RootProperty Name="Margin" />
      <RootProperty Name="Style" />
      <RootEvent Name="Click" />
    </RootType>
    <RootType FullName="Windows.UI.Xaml.Controls.Control">
      <RootProperty Name="Foreground" />
      <RootProperty Name="FontFamily" />
      <RootProperty Name="FontWeight" />
      <RootProperty Name="FontSize" />
      <RootProperty Name="Background" />
      <RootProperty Name="BorderBrush" />
      <RootProperty Name="BorderThickness" />
      <RootProperty Name="Padding" />
      <RootProperty Name="Template" />
    </RootType>
    <RootType FullName="Windows.UI.Xaml.FrameworkElement">
      <RootProperty Name="VerticalAlignment" />
      <RootProperty Name="HorizontalAlignment" />
      <RootProperty Name="MinWidth" />
      <RootProperty Name="Width" />
      <RootProperty Name="Height" />
      <RootProperty Name="Margin" />
    </RootType>
    <RootType FullName="Windows.UI.Xaml.Automation.AutomationProperties">
      <RootMethod Name="GetName" />
      <RootMethod Name="SetName" />
      <RootMethod Name="GetAutomationId" />
      <RootMethod Name="SetAutomationId" />
      <RootMethod Name="GetItemType" />
      <RootMethod Name="SetItemType" />
    </RootType>
    <RootType FullName="Microsoft.Xaml.DirectUI.ProxyTypes.StaticResourceExtension" />
    <RootType FullName="Windows.UI.Xaml.Setter">
      <RootProperty Name="Property" />
      <RootProperty Name="Value" />
    </RootType>
    <RootType FullName="Windows.UI.Xaml.DataTemplate">
      <RootProperty Name="Template" />
    </RootType>
    <RootType FullName="Windows.UI.Xaml.Shapes.Path">
      <RootProperty Name="Width" />
      <RootProperty Name="Height" />
      <RootProperty Name="Stretch" />
      <RootProperty Name="HorizontalAlignment" />
      <RootProperty Name="VerticalAlignment" />
      <RootProperty Name="Margin" />
      <RootProperty Name="RenderTransformOrigin" />
      <RootProperty Name="Fill" />
      <RootProperty Name="Data" />
    </RootType>
    <RootType FullName="Windows.UI.Xaml.Data.RelativeSource">
      <RootProperty Name="Mode" />
    </RootType>
    <RootType FullName="Windows.UI.Xaml.Controls.ControlTemplate">
      <RootProperty Name="TargetType" />
      <RootProperty Name="Template" />
    </RootType>
    <RootType FullName="Windows.UI.Xaml.VisualStateManager">
      <RootMethod Name="GetVisualStateGroups" />
    </RootType>
    <RootType FullName="Windows.UI.Xaml.VisualStateGroup">
      <RootProperty Name="States" />
    </RootType>
    <RootType FullName="Windows.UI.Xaml.VisualState">
      <RootProperty Name="Storyboard" />
    </RootType>
    <RootType FullName="Windows.UI.Xaml.Media.Animation.Storyboard">
      <RootProperty Name="Children" />
      <RootMethod Name="GetTargetName" />
      <RootMethod Name="SetTargetName" />
      <RootMethod Name="GetTargetProperty" />
      <RootMethod Name="SetTargetProperty" />
    </RootType>
    <RootType FullName="Windows.UI.Xaml.Media.Animation.DoubleAnimation">
      <RootProperty Name="To" />
      <RootProperty Name="Duration" />
    </RootType>
    <RootType FullName="Windows.UI.Xaml.Media.Animation.ObjectAnimationUsingKeyFrames">
      <RootProperty Name="KeyFrames" />
    </RootType>
    <RootType FullName="Windows.UI.Xaml.Media.Animation.DiscreteObjectKeyFrame">
      <RootProperty Name="KeyTime" />
      <RootProperty Name="Value" />
    </RootType>
    <RootType FullName="Windows.UI.Xaml.Controls.StackPanel">
      <RootProperty Name="VerticalAlignment" />
      <RootProperty Name="Margin" />
      <RootProperty Name="Children" />
      <RootProperty Name="Width" />
      <RootProperty Name="HorizontalAlignment" />
      <RootProperty Name="Orientation" />
    </RootType>
    <RootType FullName="Microsoft.Xaml.DirectUI.ProxyTypes.TemplateBindingExtension" />
    <RootType FullName="Windows.UI.Xaml.Controls.ContentPresenter">
      <RootProperty Name="Background" />
      <RootProperty Name="HorizontalAlignment" />
      <RootProperty Name="Margin" />
      <RootProperty Name="VerticalAlignment" />
      <RootProperty Name="Foreground" />
    </RootType>
    <RootType FullName="ScheduleUWP_Samples.GettingStarted_WinRT" />
    <RootType FullName="Windows.UI.Xaml.Controls.Page">
      <RootProperty Name="Resources" />
      <RootProperty Name="Content" />
    </RootType>
    <RootType FullName="Windows.UI.Xaml.Media.SolidColorBrush" />
    <RootType FullName="Windows.UI.Xaml.Controls.Button">
      <RootProperty Name="IsTabStop" />
      <RootProperty Name="Style" />
      <RootProperty Name="Margin" />
      <RootProperty Name="VerticalAlignment" />
      <RootEvent Name="Click" />
    </RootType>
    <RootType FullName="Windows.UI.Xaml.Controls.GridViewItem" />
    <RootType FullName="Windows.UI.Xaml.Shapes.Rectangle">
      <RootProperty Name="IsHitTestVisible" />
      <RootProperty Name="Stroke" />
      <RootProperty Name="StrokeEndLineCap" />
      <RootProperty Name="StrokeDashArray" />
      <RootProperty Name="Opacity" />
      <RootProperty Name="StrokeDashOffset" />
    </RootType>
    <RootType FullName="Windows.UI.Xaml.Controls.GridView">
      <RootProperty Name="Name" />
      <RootProperty Name="Margin" />
      <RootProperty Name="ItemsSource" />
      <RootProperty Name="Background" />
      <RootProperty Name="SelectionMode" />
      <RootProperty Name="IsItemClickEnabled" />
      <RootProperty Name="ItemTemplate" />
      <RootProperty Name="ItemsPanel" />
      <RootEvent Name="ItemClick" />
    </RootType>
    <RootType FullName="Windows.UI.Xaml.Controls.Border">
      <RootProperty Name="Background" />
      <RootProperty Name="Width" />
      <RootProperty Name="Height" />
      <RootProperty Name="BorderBrush" />
      <RootProperty Name="BorderThickness" />
      <RootProperty Name="Child" />
    </RootType>
    <RootType FullName="Windows.UI.Xaml.Controls.Image">
      <RootProperty Name="Source" />
      <RootProperty Name="Stretch" />
      <RootProperty Name="Width" />
      <RootProperty Name="Height" />
      <RootProperty Name="HorizontalAlignment" />
      <RootProperty Name="VerticalAlignment" />
    </RootType>
    <RootType FullName="Windows.UI.Xaml.Controls.ItemsPanelTemplate">
      <RootProperty Name="Template" />
    </RootType>
    <RootType FullName="Windows.UI.Xaml.Controls.ColumnDefinition">
      <RootProperty Name="Width" />
    </RootType>
    <RootType FullName="SampleBrowser.UWP.Schedule.View.MainPage" />
  </Roots.RootTypes>
</Roots>
