﻿<?xml version="1.0" encoding="utf-8"?>
<Roots >
  <Roots.Interfaces>
    <RootInterface FullName="Windows.UI.Xaml.Data.IValueConverter" />
  </Roots.Interfaces>
  <Roots.PropertyPathNames>
    <RootPropertyPathName Name="Day" />
    <RootPropertyPathName Name="SelectedDate" />
    <RootPropertyPathName Name="SelectionModes" />
    <RootPropertyPathName Name="Mindate" />
    <RootPropertyPathName Name="Maxdate" />
    <RootPropertyPathName Name="IsOn" />
    <RootPropertyPathName Name="FirstDay" />
    <RootPropertyPathName Name="Image" />
    <RootPropertyPathName Name="Description" />
    <RootPropertyPathName Name="Title" />
    <RootPropertyPathName Name="Subtitle" />
    <RootPropertyPathName Name="Header" />
    <RootPropertyPathName Name="Group" />
    <RootPropertyPathName Name="Key" />
    <RootPropertyPathName Name="Format" />
    <RootPropertyPathName Name="Minute" />
    <RootPropertyPathName Name="Second" />
    <RootPropertyPathName Name="TimeFormat" />
    <RootPropertyPathName Name="DateFormat" />
    <RootPropertyPathName Name="AmPmString" />
    <RootPropertyPathName Name="MonthName" />
    <RootPropertyPathName Name="MonthNumber" />
    <RootPropertyPathName Name="DayName" />
    <RootPropertyPathName Name="DayNumber" />
    <RootPropertyPathName Name="IsChecked" />
    <RootPropertyPathName Name="FormatString" />
    <RootPropertyPathName Name="ActualHeight" />
    <RootPropertyPathName Name="SuggestionIndex" />
    <RootPropertyPathName Name="AccentBrush" />
    <RootPropertyPathName Name="SelectedBackground" />
    <RootPropertyPathName Name="SelectedForeground" />
    <RootPropertyPathName Name="Foreground" />
    <RootPropertyPathName Name="Background" />
    <RootPropertyPathName Name="TabstripMenuItemTemplate" />
    <RootPropertyPathName Name="TemplateSettings" />
    <RootPropertyPathName Name="DragItemsCount" />
    <RootPropertyPathName Name="Email" />
    <RootPropertyPathName Name="Name" />
    <RootPropertyPathName Name="ProductName" />
    <RootPropertyPathName Name="SelectedItem" />
    <RootPropertyPathName Name="Components" />
    <RootPropertyPathName Name="WatermarkText" />
    <RootPropertyPathName Name="ComboBoxMode" />
    <RootPropertyPathName Name="Products" />
    <RootPropertyPathName Name="PersonDetails" />
    <RootPropertyPathName Name="Error" />
    <RootPropertyPathName Name="DOB" />
    <RootPropertyPathName Name="City" />
    <RootPropertyPathName Name="Cities" />
    <RootPropertyPathName Name="Country" />
    <RootPropertyPathName Name="Countries" />
    <RootPropertyPathName Name="Product" />
    <RootPropertyPathName Name="ButtonAlignment" />
    <RootPropertyPathName Name="AutoReverse" />
    <RootPropertyPathName Name="EnableAnimation" />
    <RootPropertyPathName Name="ProductIcon" />
    <RootPropertyPathName Name="Technology" />
    <RootPropertyPathName Name="SelectedColor" />
    <RootPropertyPathName Name="Value" />
    <RootPropertyPathName Name="Images" />
    <RootPropertyPathName Name="AutoCompleteMode" />
    <RootPropertyPathName Name="Icon" />
    <RootPropertyPathName Name="SuggestionMode" />
    <RootPropertyPathName Name="Watermark" />
    <RootPropertyPathName Name="WatermarkTemplate" />
    <RootPropertyPathName Name="WatermarkTemplateSelector" />
    <RootPropertyPathName Name="ValidationMode" />
    <RootPropertyPathName Name="Culture" />
    <RootPropertyPathName Name="DepartureTime" />
    <RootPropertyPathName Name="DecimalDigits" />
    <RootPropertyPathName Name="PercentDisplayMode" />
    <RootPropertyPathName Name="Value3" />
    <RootPropertyPathName Name="Value2" />
    <RootPropertyPathName Name="Value1" />
    <RootPropertyPathName Name="SmallChange" />
    <RootPropertyPathName Name="LargeChange" />
    <RootPropertyPathName Name="Minimum" />
    <RootPropertyPathName Name="Maximum" />
    <RootPropertyPathName Name="SpinButtonsAlignment" />
    <RootPropertyPathName Name="TickPlacement" />
    <RootPropertyPathName Name="Ticks" />
    <RootPropertyPathName Name="MoveToPoint" />
    <RootPropertyPathName Name="SnapTo" />
    <RootPropertyPathName Name="Largechange" />
    <RootPropertyPathName Name="ShowRange" />
    <RootPropertyPathName Name="ReverseDirection" />
    <RootPropertyPathName Name="MovePointTo" />
    <RootPropertyPathName Name="Precision" />
    <RootPropertyPathName Name="IsReadOnly" />
    <RootPropertyPathName Name="ShowToolTip" />
    <RootPropertyPathName Name="Items" />
    <RootPropertyPathName Name="Headers" />
    <RootPropertyPathName Name="Text" />
    <RootPropertyPathName Name="EndDate" />
    <RootPropertyPathName Name="StartDate" />
    <RootPropertyPathName Name="Area" />
    <RootPropertyPathName Name="Currency" />
    <RootPropertyPathName Name="SouthAfrica" />
    <RootPropertyPathName Name="UK" />
    <RootPropertyPathName Name="German" />
    <RootPropertyPathName Name="Japan" />
    <RootPropertyPathName Name="India" />
    <RootPropertyPathName Name="Chineese" />
    <RootPropertyPathName Name="French" />
    <RootPropertyPathName Name="US" />
    <RootPropertyPathName Name="Data" />
    <RootPropertyPathName Name="Length" />
    <RootPropertyPathName Name="Temperature" />
    <RootPropertyPathName Name="Time" />
    <RootPropertyPathName Name="Volume" />
    <RootPropertyPathName Name="Weight" />
  </Roots.PropertyPathNames>
  <Roots.RootTypes>
    <RootType FullName="Windows.UI.Xaml.Application">
      <RootProperty Name="RequestedTheme" />
      <RootProperty Name="Resources" />
    </RootType>
    <RootType FullName="Common.SampleLayout">
      <RootProperty Name="Resources" />
      <RootProperty Name="Sample" />
      <RootProperty Name="DataContext" />
      <RootProperty Name="Setting" />
      <RootProperty Name="Header" />
      <RootEvent Name="Loaded" />
    </RootType>
    <RootType FullName="Windows.UI.Xaml.Media.SolidColorBrush">
      <RootProperty Name="Color" />
    </RootType>
    <RootType FullName="Input.Calendar.CellConverter" />
    <RootType FullName="Input.Calendar.DateConverter" />
    <RootType FullName="Input.Calendar.CellDescriptionConverter" />
    <RootType FullName="Input.Calendar.AppointmentSource" />
    <RootType FullName="Windows.UI.Xaml.DataTemplate">
      <RootProperty Name="Template" />
    </RootType>
    <RootType FullName="Windows.UI.Xaml.Controls.Grid">
      <RootProperty Name="Children" />
      <RootProperty Name="Name" />
      <RootProperty Name="Background" />
      <RootProperty Name="VerticalAlignment" />
      <RootProperty Name="HorizontalAlignment" />
      <RootProperty Name="RowDefinitions" />
      <RootProperty Name="Margin" />
      <RootProperty Name="Width" />
      <RootProperty Name="Height" />
      <RootProperty Name="ColumnDefinitions" />
      <RootProperty Name="RenderTransformOrigin" />
      <RootProperty Name="RenderTransform" />
      <RootProperty Name="Resources" />
      <RootProperty Name="BorderThickness" />
      <RootProperty Name="Opacity" />
      <RootProperty Name="Visibility" />
      <RootProperty Name="Style" />
      <RootMethod Name="GetRow" />
      <RootMethod Name="SetRow" />
      <RootMethod Name="GetColumn" />
      <RootMethod Name="SetColumn" />
      <RootMethod Name="GetColumnSpan" />
      <RootMethod Name="SetColumnSpan" />
      <RootMethod Name="GetRowSpan" />
      <RootMethod Name="SetRowSpan" />
    </RootType>
    <RootType FullName="Windows.UI.Xaml.Controls.TextBlock">
      <RootProperty Name="Text" />
      <RootProperty Name="VerticalAlignment" />
      <RootProperty Name="HorizontalAlignment" />
      <RootProperty Name="Margin" />
      <RootProperty Name="FontSize" />
      <RootProperty Name="TextWrapping" />
      <RootProperty Name="Foreground" />
      <RootProperty Name="FontFamily" />
      <RootProperty Name="TextTrimming" />
      <RootProperty Name="LineHeight" />
      <RootProperty Name="LineStackingStrategy" />
      <RootProperty Name="FontWeight" />
      <RootProperty Name="Style" />
      <RootProperty Name="MaxHeight" />
      <RootProperty Name="Height" />
      <RootProperty Name="Opacity" />
      <RootProperty Name="TextAlignment" />
      <RootProperty Name="Width" />
      <RootProperty Name="IsHitTestVisible" />
      <RootProperty Name="FontStyle" />
      <RootProperty Name="Visibility" />
      <RootProperty Name="FontStretch" />
      <RootProperty Name="Inlines" />
      <RootProperty Name="Padding" />
      <RootEvent Name="Loaded" />
    </RootType>
    <RootType FullName="Windows.UI.Xaml.Data.Binding">
      <RootProperty Name="Converter" />
      <RootProperty Name="ConverterParameter" />
      <RootProperty Name="ElementName" />
      <RootProperty Name="Path" />
      <RootProperty Name="Mode" />
      <RootProperty Name="RelativeSource" />
      <RootProperty Name="FallbackValue" />
    </RootType>
    <RootType FullName="Microsoft.Xaml.DirectUI.ProxyTypes.StaticResourceExtension" />
    <RootType FullName="Windows.UI.Xaml.Controls.ContentControl">
      <RootProperty Name="HorizontalAlignment" />
      <RootProperty Name="HorizontalContentAlignment" />
      <RootProperty Name="VerticalAlignment" />
      <RootProperty Name="VerticalContentAlignment" />
      <RootProperty Name="Content" />
      <RootProperty Name="IsTabStop" />
      <RootProperty Name="ContentTemplate" />
      <RootProperty Name="ContentTemplateSelector" />
      <RootProperty Name="Margin" />
      <RootProperty Name="Foreground" />
      <RootProperty Name="FontFamily" />
      <RootProperty Name="Padding" />
      <RootProperty Name="FontSize" />
    </RootType>
    <RootType FullName="Windows.UI.Xaml.Controls.Viewbox">
      <RootProperty Name="MaxWidth" />
      <RootProperty Name="MaxHeight" />
      <RootProperty Name="Child" />
      <RootProperty Name="Name" />
      <RootProperty Name="Margin" />
      <RootProperty Name="Width" />
    </RootType>
    <RootType FullName="Windows.UI.Xaml.Controls.RowDefinition">
      <RootProperty Name="Height" />
    </RootType>
    <RootType FullName="Syncfusion.UI.Xaml.Controls.TransitionContentControl">
      <RootProperty Name="Margin" />
      <RootProperty Name="Content" />
      <RootProperty Name="Transition" />
      <RootProperty Name="ContentTemplate" />
      <RootProperty Name="VerticalContentAlignment" />
      <RootProperty Name="HorizontalContentAlignment" />
      <RootProperty Name="Width" />
    </RootType>
    <RootType FullName="Syncfusion.UI.Xaml.Controls.FadeTransition" />
    <RootType FullName="Syncfusion.UI.Xaml.Controls.Input.SfCalendar">
      <RootProperty Name="Margin" />
      <RootProperty Name="VerticalAlignment" />
      <RootProperty Name="Width" />
      <RootProperty Name="MinHeight" />
      <RootProperty Name="FontSize" />
      <RootProperty Name="HorizontalAlignment" />
      <RootProperty Name="CellTemplate" />
      <RootProperty Name="DayCellFontSize" />
      <RootProperty Name="SelectionMode" />
      <RootProperty Name="VisibleMinDate" />
      <RootProperty Name="VisibleMaxDate" />
      <RootProperty Name="ShowNavigationButton" />
      <RootProperty Name="FirstDayofWeek" />
      <RootProperty Name="CellTemplateSelector" />
      <RootProperty Name="BorderBrush" />
      <RootProperty Name="Height" />
    </RootType>
    <RootType FullName="Input.Calendar.AppointmentView" />
    <RootType FullName="Input.Calendar.BlackOutDatesView" />
    <RootType FullName="Input.Calendar.CalendarProperties" />
    <RootType FullName="Windows.UI.Xaml.Controls.ToggleSwitch">
      <RootProperty Name="IsTabStop" />
      <RootProperty Name="Margin" />
      <RootProperty Name="IsOn" />
      <RootProperty Name="HorizontalAlignment" />
      <RootProperty Name="VerticalAlignment" />
      <RootProperty Name="Header" />
    </RootType>
    <RootType FullName="Windows.UI.Xaml.Controls.ComboBox">
      <RootProperty Name="IsTabStop" />
      <RootProperty Name="Margin" />
      <RootProperty Name="SelectedItem" />
      <RootProperty Name="HorizontalAlignment" />
      <RootProperty Name="VerticalAlignment" />
      <RootProperty Name="Items" />
      <RootProperty Name="VerticalContentAlignment" />
      <RootProperty Name="Visibility" />
      <RootProperty Name="ItemsSource" />
      <RootEvent Name="Loaded" />
      <RootEvent Name="SelectionChanged" />
    </RootType>
    <RootType FullName="Syncfusion.UI.Xaml.Controls.Input.SfDatePicker">
      <RootProperty Name="Margin" />
      <RootProperty Name="Value" />
      <RootProperty Name="HorizontalAlignment" />
      <RootProperty Name="VerticalAlignment" />
      <RootProperty Name="AccentBrush" />
      <RootProperty Name="FormatString" />
      <RootProperty Name="Width" />
      <RootProperty Name="SelectorStyle" />
      <RootProperty Name="AllowInlineEditing" />
    </RootType>
    <RootType FullName="Input.Calendar.CalendarView" />
    <RootType FullName="Syncfusion.UI.Xaml.Controls.LoopingSelector">
      <RootProperty Name="AccentBrush" />
    </RootType>
    <RootType FullName="Input.Calendar.CellTemplateSelector" />
    <RootType FullName="Windows.UI.Xaml.Setter">
      <RootProperty Name="Property" />
      <RootProperty Name="Value" />
    </RootType>
    <RootType FullName="Input.Calendar.CellTemplateView" />
    <RootType FullName="Syncfusion.UI.Xaml.Controls.SlideTransition" />
    <RootType FullName="Windows.UI.Xaml.ResourceDictionary">
      <RootProperty Name="ThemeDictionaries" />
      <RootProperty Name="MergedDictionaries" />
      <RootProperty Name="Source" />
    </RootType>
    <RootType FullName="Windows.UI.Xaml.Controls.Image">
      <RootProperty Name="Source" />
      <RootProperty Name="VerticalAlignment" />
      <RootProperty Name="HorizontalAlignment" />
      <RootProperty Name="Margin" />
      <RootProperty Name="Stretch" />
      <RootProperty Name="Width" />
      <RootProperty Name="Height" />
    </RootType>
    <RootType FullName="Syncfusion.UI.Xaml.Controls.Media.SfColorPalette">
      <RootProperty Name="HorizontalAlignment" />
      <RootProperty Name="VerticalAlignment" />
    </RootType>
    <RootType FullName="Media.ColorPickers.ColorPaletteView" />
    <RootType FullName="Syncfusion.UI.Xaml.Controls.Media.SfColorPicker">
      <RootProperty Name="Margin" />
      <RootProperty Name="HorizontalAlignment" />
      <RootProperty Name="VerticalAlignment" />
    </RootType>
    <RootType FullName="Media.ColorPickers.ColorPickerView" />
    <RootType FullName="System.String" />
    <RootType FullName="Windows.UI.Color" />
    <RootType FullName="Windows.UI.Xaml.Controls.Button">
      <RootProperty Name="MinWidth" />
      <RootProperty Name="MinHeight" />
      <RootProperty Name="BorderThickness" />
      <RootProperty Name="FontSize" />
      <RootProperty Name="IsTabStop" />
      <RootProperty Name="Style" />
      <RootProperty Name="Visibility" />
      <RootProperty Name="VerticalAlignment" />
      <RootProperty Name="BorderBrush" />
      <RootProperty Name="Height" />
      <RootProperty Name="Background" />
      <RootProperty Name="Content" />
      <RootProperty Name="Width" />
      <RootProperty Name="Margin" />
      <RootProperty Name="Padding" />
      <RootProperty Name="HorizontalAlignment" />
      <RootProperty Name="HorizontalContentAlignment" />
      <RootEvent Name="Click" />
    </RootType>
    <RootType FullName="Windows.UI.Xaml.FrameworkElement">
      <RootProperty Name="MinWidth" />
      <RootProperty Name="Height" />
      <RootProperty Name="Margin" />
      <RootProperty Name="VerticalAlignment" />
      <RootProperty Name="MinHeight" />
      <RootProperty Name="Width" />
      <RootProperty Name="HorizontalAlignment" />
    </RootType>
    <RootType FullName="Windows.UI.Xaml.Controls.Control">
      <RootProperty Name="FontFamily" />
      <RootProperty Name="FontWeight" />
      <RootProperty Name="FontSize" />
      <RootProperty Name="Template" />
      <RootProperty Name="Foreground" />
      <RootProperty Name="BorderBrush" />
      <RootProperty Name="Padding" />
      <RootProperty Name="BorderThickness" />
      <RootProperty Name="Background" />
      <RootProperty Name="TabNavigation" />
      <RootProperty Name="HorizontalContentAlignment" />
      <RootProperty Name="VerticalContentAlignment" />
      <RootProperty Name="IsEnabled" />
      <RootProperty Name="IsTabStop" />
      <RootProperty Name="UseSystemFocusVisuals" />
      <RootMethod Name="GetIsTemplateFocusTarget" />
      <RootMethod Name="SetIsTemplateFocusTarget" />
    </RootType>
    <RootType FullName="Windows.UI.Xaml.Automation.AutomationProperties">
      <RootMethod Name="GetAutomationId" />
      <RootMethod Name="SetAutomationId" />
      <RootMethod Name="GetName" />
      <RootMethod Name="SetName" />
      <RootMethod Name="GetItemType" />
      <RootMethod Name="SetItemType" />
    </RootType>
    <RootType FullName="Windows.UI.Xaml.Controls.RichTextBlock">
      <RootProperty Name="Foreground" />
      <RootProperty Name="FontSize" />
      <RootProperty Name="FontFamily" />
      <RootProperty Name="TextTrimming" />
      <RootProperty Name="TextWrapping" />
      <RootProperty Name="LineHeight" />
      <RootProperty Name="LineStackingStrategy" />
      <RootProperty Name="FontWeight" />
    </RootType>
    <RootType FullName="Windows.UI.Xaml.Documents.Typography">
      <RootMethod Name="GetStylisticSet20" />
      <RootMethod Name="SetStylisticSet20" />
      <RootMethod Name="GetDiscretionaryLigatures" />
      <RootMethod Name="SetDiscretionaryLigatures" />
      <RootMethod Name="GetCaseSensitiveForms" />
      <RootMethod Name="SetCaseSensitiveForms" />
    </RootType>
    <RootType FullName="Windows.UI.Xaml.UIElement">
      <RootProperty Name="RenderTransform" />
      <RootProperty Name="IsHoldingEnabled" />
    </RootType>
    <RootType FullName="Windows.UI.Xaml.Controls.Primitives.ButtonBase" />
    <RootType FullName="Windows.UI.Xaml.Controls.RadioButton" />
    <RootType FullName="Windows.UI.Xaml.Controls.ScrollViewer">
      <RootProperty Name="HorizontalScrollBarVisibility" />
      <RootProperty Name="VerticalScrollBarVisibility" />
      <RootProperty Name="HorizontalScrollMode" />
      <RootProperty Name="VerticalScrollMode" />
      <RootProperty Name="ZoomMode" />
      <RootProperty Name="HorizontalAlignment" />
      <RootProperty Name="HorizontalContentAlignment" />
      <RootProperty Name="Content" />
      <RootProperty Name="VerticalAlignment" />
      <RootProperty Name="IsTabStop" />
      <RootProperty Name="IsHorizontalRailEnabled" />
      <RootProperty Name="IsVerticalRailEnabled" />
      <RootProperty Name="IsDeferredScrollingEnabled" />
      <RootProperty Name="Margin" />
      <RootProperty Name="Padding" />
      <RootProperty Name="Background" />
      <RootProperty Name="BorderBrush" />
      <RootProperty Name="BorderThickness" />
      <RootProperty Name="BringIntoViewOnFocusChange" />
      <RootProperty Name="TabNavigation" />
      <RootMethod Name="GetVerticalScrollBarVisibility" />
      <RootMethod Name="SetVerticalScrollBarVisibility" />
      <RootMethod Name="GetHorizontalScrollBarVisibility" />
      <RootMethod Name="SetHorizontalScrollBarVisibility" />
      <RootMethod Name="GetIsDeferredScrollingEnabled" />
      <RootMethod Name="SetIsDeferredScrollingEnabled" />
    </RootType>
    <RootType FullName="Windows.UI.Xaml.Controls.Panel">
      <RootProperty Name="Background" />
      <RootProperty Name="ChildrenTransitions" />
    </RootType>
    <RootType FullName="Windows.UI.Xaml.Media.Animation.TransitionCollection" />
    <RootType FullName="Windows.UI.Xaml.Media.Animation.EntranceThemeTransition" />
    <RootType FullName="Windows.UI.Xaml.Controls.ToolTipService">
      <RootMethod Name="GetPlacement" />
      <RootMethod Name="SetPlacement" />
      <RootMethod Name="GetToolTip" />
      <RootMethod Name="SetToolTip" />
    </RootType>
    <RootType FullName="Windows.UI.Xaml.Controls.ToolTip">
      <RootProperty Name="Style" />
      <RootProperty Name="Content" />
    </RootType>
    <RootType FullName="Windows.UI.Xaml.Controls.ColumnDefinition">
      <RootProperty Name="Width" />
    </RootType>
    <RootType FullName="Windows.UI.Xaml.Controls.StackPanel">
      <RootProperty Name="Width" />
      <RootProperty Name="Margin" />
      <RootProperty Name="Children" />
      <RootProperty Name="VerticalAlignment" />
      <RootProperty Name="Background" />
      <RootProperty Name="Orientation" />
      <RootProperty Name="HorizontalAlignment" />
      <RootProperty Name="Visibility" />
    </RootType>
    <RootType FullName="Windows.UI.Xaml.Controls.Border">
      <RootProperty Name="Background" />
      <RootProperty Name="Margin" />
      <RootProperty Name="Width" />
      <RootProperty Name="Height" />
      <RootProperty Name="Child" />
      <RootProperty Name="BorderBrush" />
      <RootProperty Name="BorderThickness" />
      <RootProperty Name="Padding" />
      <RootProperty Name="VerticalAlignment" />
      <RootProperty Name="Visibility" />
      <RootProperty Name="HorizontalAlignment" />
    </RootType>
    <RootType FullName="Windows.UI.Xaml.Controls.ControlTemplate">
      <RootProperty Name="TargetType" />
      <RootProperty Name="Template" />
    </RootType>
    <RootType FullName="Windows.UI.Xaml.VisualStateManager">
      <RootMethod Name="GetVisualStateGroups" />
    </RootType>
    <RootType FullName="Windows.UI.Xaml.Shapes.Rectangle">
      <RootProperty Name="IsHitTestVisible" />
      <RootProperty Name="Stroke" />
      <RootProperty Name="StrokeEndLineCap" />
      <RootProperty Name="StrokeDashArray" />
      <RootProperty Name="Opacity" />
      <RootProperty Name="StrokeDashOffset" />
      <RootProperty Name="Fill" />
      <RootProperty Name="Visibility" />
      <RootProperty Name="RadiusX" />
      <RootProperty Name="RadiusY" />
      <RootProperty Name="StrokeThickness" />
      <RootProperty Name="Width" />
      <RootProperty Name="Height" />
      <RootProperty Name="VerticalAlignment" />
      <RootProperty Name="Margin" />
      <RootProperty Name="HorizontalAlignment" />
    </RootType>
    <RootType FullName="Windows.UI.Xaml.VisualStateGroup">
      <RootProperty Name="States" />
      <RootProperty Name="Transitions" />
    </RootType>
    <RootType FullName="Windows.UI.Xaml.VisualState">
      <RootProperty Name="Storyboard" />
    </RootType>
    <RootType FullName="Windows.UI.Xaml.Media.Animation.Storyboard">
      <RootProperty Name="Children" />
      <RootMethod Name="GetTargetName" />
      <RootMethod Name="SetTargetName" />
      <RootMethod Name="GetTargetProperty" />
      <RootMethod Name="SetTargetProperty" />
    </RootType>
    <RootType FullName="Windows.UI.Xaml.Media.Animation.DoubleAnimation">
      <RootProperty Name="To" />
      <RootProperty Name="Duration" />
      <RootProperty Name="BeginTime" />
    </RootType>
    <RootType FullName="Windows.UI.Xaml.Media.Animation.ObjectAnimationUsingKeyFrames">
      <RootProperty Name="KeyFrames" />
      <RootProperty Name="Duration" />
    </RootType>
    <RootType FullName="Windows.UI.Xaml.Media.Animation.DiscreteObjectKeyFrame">
      <RootProperty Name="KeyTime" />
      <RootProperty Name="Value" />
    </RootType>
    <RootType FullName="Microsoft.Xaml.DirectUI.ProxyTypes.TemplateBindingExtension" />
    <RootType FullName="Windows.UI.Xaml.Controls.ContentPresenter">
      <RootProperty Name="HorizontalAlignment" />
      <RootProperty Name="Margin" />
      <RootProperty Name="VerticalAlignment" />
      <RootProperty Name="Foreground" />
      <RootProperty Name="Content" />
      <RootProperty Name="FontFamily" />
      <RootProperty Name="FontWeight" />
      <RootProperty Name="FontSize" />
      <RootProperty Name="TextWrapping" />
      <RootProperty Name="LineStackingStrategy" />
      <RootProperty Name="TextLineBounds" />
      <RootProperty Name="OpticalMarginAlignment" />
      <RootProperty Name="ContentTransitions" />
      <RootProperty Name="ContentTemplate" />
      <RootProperty Name="Style" />
      <RootProperty Name="FontStretch" />
      <RootProperty Name="FontStyle" />
      <RootProperty Name="ContentTemplateSelector" />
      <RootProperty Name="Width" />
    </RootType>
    <RootType FullName="Windows.UI.Xaml.Media.TranslateTransform">
      <RootProperty Name="X" />
      <RootProperty Name="Y" />
    </RootType>
    <RootType FullName="Windows.UI.Xaml.Media.ScaleTransform">
      <RootProperty Name="ScaleX" />
      <RootProperty Name="ScaleY" />
    </RootType>
    <RootType FullName="Input.DateTimePickers.DayCellTemplateSelector" />
    <RootType FullName="Input.DateTimePickers.MonthCellTemplateSelector" />
    <RootType FullName="Input.DateTimePickers.MeridienCellTemplateSelector" />
    <RootType FullName="Syncfusion.UI.Xaml.Controls.Input.SfDateSelector">
      <RootProperty Name="Margin" />
      <RootProperty Name="AccentBrush" />
      <RootProperty Name="BorderThickness" />
      <RootProperty Name="HorizontalAlignment" />
      <RootProperty Name="BorderBrush" />
      <RootProperty Name="Height" />
      <RootProperty Name="VerticalAlignment" />
      <RootProperty Name="DayCellTemplateSelector" />
      <RootProperty Name="MonthCellTemplateSelector" />
    </RootType>
    <RootType FullName="Input.DateTimePickers.CellTemplateView" />
    <RootType FullName="Input.DateTimePickers.FormatStringConverter" />
    <RootType FullName="Input.DateTimePickers.DatePickerProperties" />
    <RootType FullName="Windows.UI.Xaml.Controls.ComboBoxItem">
      <RootProperty Name="Content" />
      <RootProperty Name="Tag" />
      <RootProperty Name="IsSelected" />
    </RootType>
    <RootType FullName="Input.DateTimePickers.DatePickerView" />
    <RootType FullName="Input.DateTimePickers.DateSelectorView" />
    <RootType FullName="Input.DateTimePickers.DateTimeComboProperties" />
    <RootType FullName="Syncfusion.UI.Xaml.Controls.Input.SfDateTimeCombo">
      <RootProperty Name="Margin" />
      <RootProperty Name="DisplayMinDate" />
      <RootProperty Name="DisplayMaxDate" />
      <RootProperty Name="FormatString" />
      <RootProperty Name="MinuteInterval" />
      <RootProperty Name="SecondsInterval" />
    </RootType>
    <RootType FullName="Syncfusion.UI.Xaml.Controls.Input.SfNumericTextBox">
      <RootProperty Name="Value" />
      <RootProperty Name="Margin" />
      <RootProperty Name="HorizontalAlignment" />
      <RootProperty Name="VerticalAlignment" />
      <RootProperty Name="Text" />
      <RootProperty Name="BlockCharactersOnTextInput" />
      <RootProperty Name="ParsingMode" />
      <RootProperty Name="FormatString" />
      <RootProperty Name="MaximumNumberDecimalDigits" />
      <RootProperty Name="PercentDisplayMode" />
      <RootProperty Name="Culture" />
    </RootType>
    <RootType FullName="Input.DateTimePickers.DateTimeComboView" />
    <RootType FullName="Input.DateTimePickers.TimePickerProperties" />
    <RootType FullName="Syncfusion.UI.Xaml.Controls.Input.SfTimePicker">
      <RootProperty Name="Margin" />
      <RootProperty Name="InputScope" />
      <RootProperty Name="AllowInlineEditing" />
      <RootProperty Name="AccentBrush" />
      <RootProperty Name="FormatString" />
      <RootProperty Name="Width" />
      <RootProperty Name="SelectorStyle" />
    </RootType>
    <RootType FullName="Syncfusion.UI.Xaml.Controls.Input.SfTimeSelector">
      <RootProperty Name="FormatString" />
      <RootProperty Name="Margin" />
      <RootProperty Name="MaxHeight" />
      <RootProperty Name="AccentBrush" />
      <RootProperty Name="BorderThickness" />
      <RootProperty Name="BorderBrush" />
    </RootType>
    <RootType FullName="Windows.UI.Xaml.Controls.CheckBox">
      <RootProperty Name="Content" />
      <RootProperty Name="VerticalAlignment" />
      <RootProperty Name="Margin" />
      <RootProperty Name="IsChecked" />
      <RootProperty Name="Tag" />
      <RootEvent Name="Checked" />
      <RootEvent Name="Unchecked" />
    </RootType>
    <RootType FullName="Input.DateTimePickers.TimePickerView" />
    <RootType FullName="Input.DateTimePickers.TimeSelectorView" />
    <RootType FullName="Windows.UI.Xaml.Controls.ListViewItem" />
    <RootType FullName="Windows.UI.Xaml.Controls.Primitives.RepeatButton">
      <RootProperty Name="Style" />
      <RootProperty Name="Margin" />
      <RootProperty Name="Background" />
      <RootProperty Name="Foreground" />
      <RootProperty Name="BorderBrush" />
      <RootProperty Name="HorizontalAlignment" />
      <RootProperty Name="VerticalAlignment" />
      <RootProperty Name="Height" />
      <RootProperty Name="Width" />
      <RootProperty Name="Visibility" />
    </RootType>
    <RootType FullName="Syncfusion.UI.Xaml.Controls.Navigation.SfTabControl">
      <RootProperty Name="ContentTransitions" />
      <RootProperty Name="TabControlHorizontalTemplate" />
      <RootProperty Name="IsTabStop" />
      <RootProperty Name="TabStripPlacement" />
      <RootProperty Name="Margin" />
      <RootProperty Name="HeaderFontSize" />
      <RootProperty Name="SelectedIndex" />
      <RootProperty Name="HorizontalAlignment" />
      <RootProperty Name="Items" />
    </RootType>
    <RootType FullName="Windows.UI.Xaml.Controls.ItemsControl">
      <RootProperty Name="ItemsPanel" />
    </RootType>
    <RootType FullName="Syncfusion.UI.Xaml.Controls.Navigation.SfTabItem">
      <RootProperty Name="SelectedForeground" />
      <RootProperty Name="SelectedBackground" />
      <RootProperty Name="Header" />
      <RootProperty Name="Content" />
    </RootType>
    <RootType FullName="Syncfusion.UI.Xaml.Controls.Layout.LayoutTransformer">
      <RootProperty Name="HorizontalAlignment" />
      <RootProperty Name="VerticalAlignment" />
      <RootProperty Name="Style" />
      <RootProperty Name="Foreground" />
      <RootProperty Name="FontFamily" />
      <RootProperty Name="FontSize" />
      <RootProperty Name="FontStretch" />
      <RootProperty Name="FontStyle" />
      <RootProperty Name="FontWeight" />
      <RootProperty Name="Content" />
      <RootProperty Name="ContentTemplate" />
    </RootType>
    <RootType FullName="Syncfusion.UI.Xaml.Controls.Layout.ExpandableContentControl">
      <RootProperty Name="IsTabStop" />
      <RootProperty Name="Percentage" />
      <RootProperty Name="Content" />
      <RootProperty Name="ContentTemplate" />
      <RootProperty Name="Margin" />
      <RootProperty Name="Style" />
      <RootProperty Name="FontFamily" />
      <RootProperty Name="FontSize" />
      <RootProperty Name="FontStretch" />
      <RootProperty Name="FontStyle" />
      <RootProperty Name="FontWeight" />
      <RootProperty Name="Foreground" />
      <RootProperty Name="HorizontalContentAlignment" />
      <RootProperty Name="VerticalContentAlignment" />
      <RootProperty Name="HorizontalAlignment" />
      <RootProperty Name="VerticalAlignment" />
    </RootType>
    <RootType FullName="Syncfusion.UI.Xaml.Controls.Layout.AccordionButton">
      <RootProperty Name="AccentBrush" />
      <RootProperty Name="Style" />
      <RootProperty Name="Content" />
      <RootProperty Name="ContentTemplate" />
      <RootProperty Name="IsChecked" />
      <RootProperty Name="IsTabStop" />
      <RootProperty Name="FontFamily" />
      <RootProperty Name="FontSize" />
      <RootProperty Name="FontStretch" />
      <RootProperty Name="FontStyle" />
      <RootProperty Name="FontWeight" />
      <RootProperty Name="Foreground" />
      <RootProperty Name="HorizontalContentAlignment" />
      <RootProperty Name="VerticalContentAlignment" />
      <RootProperty Name="HorizontalAlignment" />
      <RootProperty Name="VerticalAlignment" />
      <RootProperty Name="Background" />
    </RootType>
    <RootType FullName="Syncfusion.UI.Xaml.Controls.Layout.SfAccordion">
      <RootProperty Name="AccentBrush" />
    </RootType>
    <RootType FullName="Syncfusion.UI.Xaml.Controls.Layout.SfAccordionItem">
      <RootProperty Name="ExpandableContentControlStyle" />
      <RootProperty Name="AccordionButtonStyle" />
    </RootType>
    <RootType FullName="Windows.UI.Xaml.Controls.ListBoxItem" />
    <RootType FullName="Syncfusion.UI.Xaml.Controls.Input.SfTextBoxExt">
      <RootProperty Name="Margin" />
      <RootProperty Name="Watermark" />
      <RootProperty Name="WatermarkTemplate" />
      <RootProperty Name="Text" />
      <RootProperty Name="HorizontalAlignment" />
      <RootProperty Name="AutoCompleteSource" />
      <RootProperty Name="SearchItemPath" />
      <RootProperty Name="SuggestionBoxPlacement" />
      <RootProperty Name="AutoCompleteMode" />
      <RootProperty Name="SuggestionMode" />
      <RootProperty Name="Width" />
      <RootProperty Name="MinimumPrefixCharacters" />
      <RootProperty Name="ShowSuggestionsOnFocus" />
      <RootProperty Name="AutoCompleteItemTemplate" />
      <RootProperty Name="MultiSelectMode" />
      <RootProperty Name="IsSpellCheckEnabled" />
      <RootProperty Name="Delimiter" />
      <RootEvent Name="TextChanged" />
    </RootType>
    <RootType FullName="Windows.UI.Xaml.Visibility" />
    <RootType FullName="Windows.UI.Xaml.Shapes.Path">
      <RootProperty Name="Data" />
      <RootProperty Name="Stretch" />
      <RootProperty Name="Fill" />
      <RootProperty Name="Width" />
      <RootProperty Name="Height" />
      <RootProperty Name="Margin" />
      <RootProperty Name="RenderTransformOrigin" />
      <RootProperty Name="RenderTransform" />
      <RootProperty Name="HorizontalAlignment" />
      <RootProperty Name="VerticalAlignment" />
      <RootProperty Name="Stroke" />
      <RootProperty Name="StrokeThickness" />
    </RootType>
    <RootType FullName="Windows.UI.Xaml.Media.TransformGroup">
      <RootProperty Name="Children" />
    </RootType>
    <RootType FullName="Windows.UI.Xaml.Media.RotateTransform">
      <RootProperty Name="Angle" />
    </RootType>
    <RootType FullName="Windows.UI.Xaml.Data.RelativeSource">
      <RootProperty Name="Mode" />
    </RootType>
    <RootType FullName="Windows.UI.Xaml.Controls.Primitives.Popup">
      <RootProperty Name="IsOpen" />
      <RootProperty Name="Child" />
      <RootProperty Name="Width" />
      <RootProperty Name="Margin" />
      <RootProperty Name="VerticalAlignment" />
    </RootType>
    <RootType FullName="Syncfusion.UI.Xaml.Controls.Input.SuggestionBox">
      <RootProperty Name="ItemsSource" />
      <RootProperty Name="MaxHeight" />
      <RootProperty Name="SelectedIndex" />
      <RootProperty Name="BorderBrush" />
    </RootType>
    <RootType FullName="Microsoft.Xaml.DirectUI.ProxyTypes.ThemeResourceExtension" />
    <RootType FullName="Windows.UI.Xaml.VisualTransition">
      <RootProperty Name="GeneratedDuration" />
    </RootType>
    <RootType FullName="Windows.UI.Xaml.Media.Animation.DoubleAnimationUsingKeyFrames">
      <RootProperty Name="BeginTime" />
      <RootProperty Name="Duration" />
      <RootProperty Name="EnableDependentAnimation" />
      <RootProperty Name="KeyFrames" />
    </RootType>
    <RootType FullName="Windows.UI.Xaml.Media.Animation.SplineDoubleKeyFrame">
      <RootProperty Name="KeySpline" />
      <RootProperty Name="KeyTime" />
      <RootProperty Name="Value" />
    </RootType>
    <RootType FullName="Microsoft.Xaml.DirectUI.ProxyTypes.NullExtension" />
    <RootType FullName="Windows.UI.Xaml.Controls.ItemsPresenter" />
    <RootType FullName="Windows.UI.Xaml.Controls.ItemsPanelTemplate">
      <RootProperty Name="Template" />
    </RootType>
    <RootType FullName="Windows.UI.Xaml.Media.SkewTransform" />
    <RootType FullName="Syncfusion.UI.Xaml.Controls.Navigation.SfTabPanel">
      <RootProperty Name="Visibility" />
    </RootType>
    <RootType FullName="Windows.UI.Xaml.Media.Animation.DiscreteDoubleKeyFrame">
      <RootProperty Name="Value" />
      <RootProperty Name="KeyTime" />
    </RootType>
    <RootType FullName="Windows.UI.Xaml.Controls.Canvas">
      <RootMethod Name="GetZIndex" />
      <RootMethod Name="SetZIndex" />
    </RootType>
    <RootType FullName="Windows.UI.Xaml.Controls.ListView">
      <RootProperty Name="Margin" />
      <RootProperty Name="Background" />
      <RootProperty Name="ItemContainerStyle" />
      <RootProperty Name="ItemTemplate" />
    </RootType>
    <RootType FullName="Windows.UI.Xaml.Shapes.Ellipse">
      <RootProperty Name="Fill" />
      <RootProperty Name="Visibility" />
      <RootProperty Name="Stroke" />
      <RootProperty Name="StrokeThickness" />
      <RootProperty Name="Height" />
      <RootProperty Name="Width" />
    </RootType>
    <RootType FullName="Windows.UI.Xaml.Media.Animation.EasingDoubleKeyFrame">
      <RootProperty Name="KeyTime" />
      <RootProperty Name="Value" />
    </RootType>
    <RootType FullName="Syncfusion.UI.Xaml.Controls.Input.SfCalculator">
      <RootProperty Name="HorizontalAlignment" />
      <RootProperty Name="VerticalAlignment" />
      <RootProperty Name="HorizontalContentAlignment" />
      <RootProperty Name="BorderThickness" />
      <RootProperty Name="BorderBrush" />
      <RootProperty Name="MinHeight" />
      <RootProperty Name="MaxHeight" />
      <RootProperty Name="MinWidth" />
      <RootProperty Name="Width" />
      <RootProperty Name="Margin" />
    </RootType>
    <RootType FullName="SampleBrowser.Editors.Controls.Calculator.CalculatorSample" />
    <RootType FullName="Syncfusion.UI.Xaml.Controls.Input.DisplayPane" />
    <RootType FullName="Editors.ComboBoxProperties" />
    <RootType FullName="Syncfusion.UI.Xaml.Controls.Input.SfComboBox">
      <RootProperty Name="Margin" />
      <RootProperty Name="Width" />
      <RootProperty Name="Height" />
      <RootProperty Name="Watermark" />
      <RootProperty Name="WatermarkTemplate" />
      <RootProperty Name="HorizontalAlignment" />
      <RootProperty Name="ItemsSource" />
      <RootProperty Name="ItemTemplate" />
      <RootProperty Name="ComboBoxMode" />
      <RootProperty Name="DisplayMemberPath" />
    </RootType>
    <RootType FullName="Windows.UI.Xaml.Controls.TextBox">
      <RootProperty Name="Text" />
      <RootProperty Name="Margin" />
      <RootProperty Name="HorizontalAlignment" />
      <RootProperty Name="VerticalAlignment" />
      <RootProperty Name="TextAlignment" />
      <RootProperty Name="BorderBrush" />
      <RootProperty Name="BorderThickness" />
      <RootProperty Name="Width" />
      <RootProperty Name="Height" />
      <RootProperty Name="IsReadOnly" />
      <RootProperty Name="Name" />
      <RootProperty Name="TextWrapping" />
    </RootType>
    <RootType FullName="SampleBrowser.Editors.Controls.ComboBox.ComboBox" />
    <RootType FullName="Syncfusion.UI.Xaml.Converters.BooleanToVisibilityConverter" />
    <RootType FullName="Syncfusion.UI.Xaml.Converters.EmptyStringToVisibilityConverter" />
    <RootType FullName="Syncfusion.UI.Xaml.Converters.StringToVisibilityConverter" />
    <RootType FullName="Editors.TextBoxExtProperties1" />
    <RootType FullName="Syncfusion.UI.Xaml.Controls.Data.DataValidation">
      <RootMethod Name="GetNotifyOnDataErrors" />
      <RootMethod Name="SetNotifyOnDataErrors" />
      <RootMethod Name="GetPropertyPath" />
      <RootMethod Name="SetPropertyPath" />
      <RootMethod Name="GetHasError" />
      <RootMethod Name="SetHasError" />
    </RootType>
    <RootType FullName="SampleBrowser.Editors.Controls.DataValidation.DataValidationDemo" />
    <RootType FullName="Windows.UI.Xaml.Controls.UserControl">
      <RootProperty Name="Resources" />
      <RootProperty Name="DataContext" />
      <RootProperty Name="Content" />
      <RootProperty Name="HorizontalAlignment" />
      <RootProperty Name="VerticalAlignment" />
    </RootType>
    <RootType FullName="SampleBrowser.Editors.Controls.DataValidation.DataValidationView" />
    <RootType FullName="Editors.DomainUpDownProperties" />
    <RootType FullName="Syncfusion.UI.Xaml.Controls.Input.SfDomainUpDown">
      <RootProperty Name="Margin" />
      <RootProperty Name="HorizontalAlignment" />
      <RootProperty Name="MinHeight" />
      <RootProperty Name="ItemsSource" />
      <RootProperty Name="Value" />
      <RootProperty Name="SpinButtonsAlignment" />
      <RootProperty Name="AutoReverse" />
      <RootProperty Name="EnableSpinAnimation" />
      <RootProperty Name="AccentBrush" />
      <RootProperty Name="ContentTemplate" />
    </RootType>
    <RootType FullName="SampleBrowser.Editors.Controls.DomainUpDown.DomainUpDown" />
    <RootType FullName="Syncfusion.UI.Xaml.Controls.Input.SfDropDownButton">
      <RootProperty Name="Margin" />
      <RootProperty Name="Width" />
      <RootProperty Name="HorizontalAlignment" />
      <RootProperty Name="DropDownHeight" />
      <RootProperty Name="Content" />
      <RootProperty Name="DropDownContent" />
    </RootType>
    <RootType FullName="Common.Common.BindingHelper">
      <RootMethod Name="GetText" />
      <RootMethod Name="SetText" />
    </RootType>
    <RootType FullName="Syncfusion.UI.Xaml.Controls.Navigation.SfRadialSlider">
      <RootProperty Name="OuterRimStroke" />
      <RootProperty Name="Minimum" />
      <RootProperty Name="LabelVisibility" />
      <RootProperty Name="Maximum" />
      <RootProperty Name="Background" />
      <RootProperty Name="TickFrequency" />
      <RootProperty Name="Width" />
      <RootProperty Name="Height" />
      <RootProperty Name="InnerRimStroke" />
    </RootType>
    <RootType FullName="SampleBrowser.Editors.Controls.DropDown.DropDownDemo" />
    <RootType FullName="SampleBrowser.Editors.Controls.AutoComplete.AutoCompleteProperties" />
    <RootType FullName="Syncfusion.UI.Xaml.Controls.Input.SfNumericUpDown">
      <RootProperty Name="Minimum" />
      <RootProperty Name="Maximum" />
      <RootProperty Name="Value" />
      <RootProperty Name="Margin" />
      <RootProperty Name="BlockCharactersOnTextInput" />
      <RootProperty Name="SmallChange" />
      <RootProperty Name="LargeChange" />
      <RootProperty Name="FormatString" />
      <RootProperty Name="SpinButtonsAlignment" />
      <RootProperty Name="AutoReverse" />
      <RootProperty Name="AccentBrush" />
      <RootProperty Name="MaximumNumberDecimalDigits" />
      <RootProperty Name="HorizontalAlignment" />
      <RootProperty Name="VerticalAlignment" />
    </RootType>
    <RootType FullName="SampleBrowser.Editors.Controls.AutoComplete.EditAutoCompleteView" />
    <RootType FullName="Editors.MaskedEditProperties" />
    <RootType FullName="Syncfusion.UI.Xaml.Controls.Input.SfMaskedEdit">
      <RootProperty Name="Margin" />
      <RootProperty Name="Height" />
      <RootProperty Name="Width" />
      <RootProperty Name="HorizontalAlignment" />
      <RootProperty Name="Mask" />
      <RootProperty Name="MaskType" />
      <RootProperty Name="Style" />
      <RootProperty Name="Value" />
      <RootProperty Name="ValidationMode" />
      <RootProperty Name="Culture" />
    </RootType>
    <RootType FullName="SampleBrowser.Editors.Controls.MaskedEdit.MaskedEditDemo" />
    <RootType FullName="Editors.FormatStringConverter" />
    <RootType FullName="Editors.NumericTextBoxProperties" />
    <RootType FullName="SampleBrowser.Editors.Controls.NumericTextBox.NumericTextBoxDemo" />
    <RootType FullName="Editors.NumericUpDownProperties" />
    <RootType FullName="SampleBrowser.Editors.Controls.NumericUpDown.NumericUpDownDemo" />
    <RootType FullName="Editors.RangeSliderProperties" />
    <RootType FullName="Syncfusion.UI.Xaml.Controls.Input.SfRangeSlider">
      <RootProperty Name="Margin" />
      <RootProperty Name="Value" />
      <RootProperty Name="Minimum" />
      <RootProperty Name="Maximum" />
      <RootProperty Name="RangeStart" />
      <RootProperty Name="RangeEnd" />
      <RootProperty Name="TickPlacement" />
      <RootProperty Name="MoveToPoint" />
      <RootProperty Name="SnapsTo" />
      <RootProperty Name="LargeChange" />
      <RootProperty Name="SmallChange" />
      <RootProperty Name="ShowRange" />
      <RootProperty Name="MinWidth" />
      <RootProperty Name="TickFrequency" />
      <RootProperty Name="IsDirectionReversed" />
    </RootType>
    <RootType FullName="Windows.UI.Xaml.Documents.Run">
      <RootProperty Name="Text" />
    </RootType>
    <RootType FullName="SampleBrowser.Editors.Controls.RangeSlider.RangeSliderDemo" />
    <RootType FullName="Syncfusion.UI.Xaml.Controls.Input.SfRatingItem">
      <RootProperty Name="RatedFill" />
      <RootProperty Name="PointerOverFill" />
      <RootProperty Name="RatedStroke" />
      <RootProperty Name="UnratedStroke" />
      <RootProperty Name="PointerOverStroke" />
    </RootType>
    <RootType FullName="SampleBrowser.Editors.Controls.RatingControl.RatingProperties" />
    <RootType FullName="Syncfusion.UI.Xaml.Controls.Input.SfRating">
      <RootProperty Name="ItemSize" />
      <RootProperty Name="Value" />
      <RootProperty Name="ItemsCount" />
      <RootProperty Name="HorizontalAlignment" />
      <RootProperty Name="Precision" />
      <RootProperty Name="IsReadOnly" />
      <RootProperty Name="ShowToolTip" />
      <RootProperty Name="Margin" />
    </RootType>
    <RootType FullName="SampleBrowser.Editors.Controls.RatingControl.RatingView" />
    <RootType FullName="Editors.MainPage" />
    <RootType FullName="Syncfusion.UI.Xaml.Controls.Input.SfPicker">
      <RootProperty Name="Width" />
      <RootProperty Name="ItemsSource" />
      <RootProperty Name="ColumnHeaderText" />
      <RootProperty Name="Header" />
      <RootProperty Name="ShowHeader" />
      <RootProperty Name="ShowFooter" />
      <RootProperty Name="ShowColumnHeader" />
      <RootProperty Name="ItemHeight" />
    </RootType>
    <RootType FullName="Input.Picker.GettingStarted" />
    <RootType FullName="Input.Picker.CustomDatePicker">
      <RootProperty Name="ShowColumnHeader" />
      <RootProperty Name="ShowHeader" />
      <RootProperty Name="ShowFooter" />
      <RootProperty Name="Header" />
      <RootProperty Name="SelectedItem" />
      <RootProperty Name="PickerMode" />
      <RootProperty Name="ItemHeight" />
    </RootType>
    <RootType FullName="Input.Picker.PopupPicker" />
    <RootType FullName="Windows.UI.Xaml.Controls.Page">
      <RootProperty Name="Resources" />
      <RootProperty Name="DataContext" />
      <RootProperty Name="Content" />
      <RootEvent Name="Unloaded" />
    </RootType>
    <RootType FullName="UnitConverter.ViewModel" />
    <RootType FullName="UnitConverter.CurrencyView">
      <RootProperty Name="HorizontalAlignment" />
      <RootProperty Name="Margin" />
    </RootType>
    <RootType FullName="UnitConverter.TimeView">
      <RootProperty Name="Visibility" />
      <RootProperty Name="HorizontalAlignment" />
      <RootProperty Name="Margin" />
    </RootType>
    <RootType FullName="UnitConverter.LengthView">
      <RootProperty Name="Visibility" />
      <RootProperty Name="HorizontalAlignment" />
      <RootProperty Name="Margin" />
    </RootType>
    <RootType FullName="UnitConverter.WeightView">
      <RootProperty Name="Visibility" />
      <RootProperty Name="HorizontalAlignment" />
      <RootProperty Name="Margin" />
    </RootType>
    <RootType FullName="UnitConverter.AreaView">
      <RootProperty Name="Visibility" />
      <RootProperty Name="HorizontalAlignment" />
      <RootProperty Name="Margin" />
    </RootType>
    <RootType FullName="UnitConverter.VolumeView">
      <RootProperty Name="Visibility" />
      <RootProperty Name="HorizontalAlignment" />
      <RootProperty Name="Margin" />
    </RootType>
    <RootType FullName="UnitConverter.DataView">
      <RootProperty Name="Visibility" />
      <RootProperty Name="HorizontalAlignment" />
      <RootProperty Name="Margin" />
    </RootType>
    <RootType FullName="UnitConverter.TemperatureView">
      <RootProperty Name="Visibility" />
      <RootProperty Name="HorizontalAlignment" />
      <RootProperty Name="Margin" />
    </RootType>
    <RootType FullName="UnitConverter.SamplePage" />
    <RootType FullName="UnitConverter.TileCanvas">
      <RootProperty Name="Height" />
      <RootProperty Name="VerticalAlignment" />
      <RootProperty Name="Margin" />
      <RootProperty Name="ImageSource" />
    </RootType>
    <RootType FullName="UnitConverter.AreaConverter" />
    <RootType FullName="UnitConverter.CurrencyConverter" />
    <RootType FullName="UnitConverter.DataConverter" />
    <RootType FullName="UnitConverter.LengthConverter" />
    <RootType FullName="UnitConverter.TemperatureConverter" />
    <RootType FullName="UnitConverter.TimeConverter" />
    <RootType FullName="UnitConverter.VolumeConverter" />
    <RootType FullName="UnitConverter.WeightConverter" />
    <RootType FullName="Input.SpellChecker.SpellCheckerView" />
  </Roots.RootTypes>
</Roots>
