﻿<?xml version="1.0" encoding="utf-8"?>
<Roots >
  <Roots.PropertyPathNames>
    <RootPropertyPathName Name="CategoricalDatas" />
    <RootPropertyPathName Name="YData" />
    <RootPropertyPathName Name="Item" />
    <RootPropertyPathName Name="Expense" />
    <RootPropertyPathName Name="Interior" />
    <RootPropertyPathName Name="Expenditure" />
  </Roots.PropertyPathNames>
  <Roots.RootTypes>
    <RootType FullName="Windows.UI.Xaml.Application">
      <RootProperty Name="RequestedTheme" />
    </RootType>
    <RootType FullName="Common.SampleLayout">
      <RootProperty Name="Sample" />
    </RootType>
    <RootType FullName="Windows.UI.Xaml.Controls.ContentControl">
      <RootProperty Name="Content" />
    </RootType>
    <RootType FullName="Windows.UI.Xaml.Controls.Grid">
      <RootProperty Name="Resources" />
      <RootProperty Name="DataContext" />
      <RootProperty Name="Children" />
      <RootProperty Name="IsHitTestVisible" />
      <RootProperty Name="Background" />
      <RootMethod Name="GetRowSpan" />
      <RootMethod Name="SetRowSpan" />
    </RootType>
    <RootType FullName="Windows.UI.Xaml.ResourceDictionary" />
    <RootType FullName="Syncfusion.UI.Xaml.Charts.ChartColorModel">
      <RootProperty Name="CustomBrushes" />
    </RootType>
    <RootType FullName="Windows.UI.Xaml.Media.SolidColorBrush">
      <RootProperty Name="Color" />
    </RootType>
    <RootType FullName="Syncfusion.SampleBrowser.UWP.SfChart3D.CategoryDataViewModel" />
    <RootType FullName="Syncfusion.UI.Xaml.Charts.SfChart3D">
      <RootProperty Name="Palette" />
      <RootProperty Name="ColorModel" />
      <RootProperty Name="PerspectiveAngle" />
      <RootProperty Name="SideBySideSeriesPlacement" />
      <RootProperty Name="EnableRotation" />
      <RootProperty Name="Depth" />
      <RootProperty Name="VerticalAlignment" />
      <RootProperty Name="PrimaryAxis" />
      <RootProperty Name="SecondaryAxis" />
      <RootProperty Name="Series" />
      <RootProperty Name="Margin" />
      <RootProperty Name="Tilt" />
      <RootProperty Name="HorizontalAlignment" />
      <RootProperty Name="Legend" />
    </RootType>
    <RootType FullName="Microsoft.Xaml.DirectUI.ProxyTypes.StaticResourceExtension" />
    <RootType FullName="Syncfusion.UI.Xaml.Charts.CategoryAxis3D">
      <RootProperty Name="TickLineSize" />
    </RootType>
    <RootType FullName="Syncfusion.UI.Xaml.Charts.NumericalAxis3D">
      <RootProperty Name="TickLineSize" />
      <RootProperty Name="OpposedPosition" />
      <RootProperty Name="RangePadding" />
      <RootProperty Name="Minimum" />
      <RootProperty Name="Maximum" />
      <RootProperty Name="Interval" />
    </RootType>
    <RootType FullName="Syncfusion.UI.Xaml.Charts.ColumnSeries3D">
      <RootProperty Name="ItemsSource" />
      <RootProperty Name="XBindingPath" />
      <RootProperty Name="YBindingPath" />
      <RootProperty Name="Label" />
    </RootType>
    <RootType FullName="Windows.UI.Xaml.Data.Binding" />
    <RootType FullName="Syncfusion.SampleBrowser.UWP.SfChart3D.Column3D" />
    <RootType FullName="Syncfusion.SampleBrowser.UWP.SfChart3D.ViewModel" />
    <RootType FullName="Windows.UI.Xaml.DataTemplate">
      <RootProperty Name="Template" />
    </RootType>
    <RootType FullName="Windows.UI.Xaml.Shapes.Rectangle">
      <RootProperty Name="Stroke" />
      <RootProperty Name="Fill" />
      <RootProperty Name="StrokeThickness" />
    </RootType>
    <RootType FullName="Windows.UI.Xaml.Controls.StackPanel">
      <RootProperty Name="Orientation" />
      <RootProperty Name="Children" />
    </RootType>
    <RootType FullName="Windows.UI.Xaml.Controls.TextBlock">
      <RootProperty Name="Margin" />
      <RootProperty Name="HorizontalAlignment" />
      <RootProperty Name="VerticalAlignment" />
      <RootProperty Name="FontSize" />
      <RootProperty Name="Foreground" />
      <RootProperty Name="IsHitTestVisible" />
      <RootProperty Name="Text" />
    </RootType>
    <RootType FullName="Syncfusion.UI.Xaml.Charts.ChartLegend">
      <RootProperty Name="DockPosition" />
      <RootProperty Name="CornerRadius" />
      <RootProperty Name="BorderThickness" />
    </RootType>
    <RootType FullName="Syncfusion.UI.Xaml.Charts.PieSeries3D">
      <RootProperty Name="Palette" />
      <RootProperty Name="ExplodeOnMouseClick" />
      <RootProperty Name="ColorModel" />
      <RootProperty Name="LabelPosition" />
      <RootProperty Name="TooltipTemplate" />
      <RootProperty Name="ShowTooltip" />
      <RootProperty Name="ItemsSource" />
      <RootProperty Name="XBindingPath" />
      <RootProperty Name="Label" />
      <RootProperty Name="YBindingPath" />
      <RootProperty Name="AdornmentsInfo" />
    </RootType>
    <RootType FullName="Syncfusion.UI.Xaml.Charts.ChartAdornmentInfo3D" />
    <RootType FullName="Syncfusion.SampleBrowser.UWP.SfChart3D.Pie3D" />
    <RootType FullName="Windows.UI.Xaml.Controls.Page">
      <RootProperty Name="Content" />
    </RootType>
    <RootType FullName="Microsoft.Xaml.DirectUI.ProxyTypes.ThemeResourceExtension" />
    <RootType FullName="Syncfusion.SampleBrowser.UWP.SfChart3D.MainPage" />
  </Roots.RootTypes>
</Roots>
