﻿<?xml version="1.0" encoding="utf-8"?>
<Roots >
  <Roots.Interfaces>
    <RootInterface FullName="Windows.UI.Xaml.Data.IValueConverter" />
  </Roots.Interfaces>
  <Roots.PropertyPathNames>
    <RootPropertyPathName Name="Image" />
    <RootPropertyPathName Name="Description" />
    <RootPropertyPathName Name="Title" />
    <RootPropertyPathName Name="Subtitle" />
    <RootPropertyPathName Name="Header" />
    <RootPropertyPathName Name="Group" />
    <RootPropertyPathName Name="Key" />
    <RootPropertyPathName Name="EnableAutoExecute" />
    <RootPropertyPathName Name="OlapDataManager" />
    <RootPropertyPathName Name="CubeDimensionBrowserVisibility" />
    <RootPropertyPathName Name="IsChecked" />
    <RootPropertyPathName Name="ToolBarVisibility" />
    <RootPropertyPathName Name="PivotChart" />
    <RootPropertyPathName Name="Legend" />
    <RootPropertyPathName Name="Visibility" />
    <RootPropertyPathName Name="PivotGrid" />
    <RootPropertyPathName Name="FreezeHeaders" />
    <RootPropertyPathName Name="ValueCellStyle" />
    <RootPropertyPathName Name="IsHyperlinkCell" />
    <RootPropertyPathName Name="ShowValueCellToolTip" />
  </Roots.PropertyPathNames>
  <Roots.RootTypes>
    <RootType FullName="Windows.UI.Xaml.Application">
      <RootProperty Name="RequestedTheme" />
      <RootProperty Name="Resources" />
    </RootType>
    <RootType FullName="Windows.UI.Xaml.ResourceDictionary">
      <RootProperty Name="ThemeDictionaries" />
    </RootType>
    <RootType FullName="System.String" />
    <RootType FullName="Windows.UI.Xaml.Media.SolidColorBrush">
      <RootProperty Name="Color" />
    </RootType>
    <RootType FullName="Windows.UI.Color" />
    <RootType FullName="Windows.UI.Xaml.Controls.Button">
      <RootProperty Name="Name" />
      <RootProperty Name="Margin" />
      <RootProperty Name="Content" />
      <RootProperty Name="FontSize" />
      <RootProperty Name="HorizontalAlignment" />
      <RootEvent Name="Click" />
    </RootType>
    <RootType FullName="Windows.UI.Xaml.FrameworkElement">
      <RootProperty Name="MinWidth" />
      <RootProperty Name="Height" />
      <RootProperty Name="Margin" />
      <RootProperty Name="VerticalAlignment" />
      <RootProperty Name="MinHeight" />
      <RootProperty Name="Width" />
    </RootType>
    <RootType FullName="Windows.UI.Xaml.Controls.Control">
      <RootProperty Name="FontFamily" />
      <RootProperty Name="FontWeight" />
      <RootProperty Name="FontSize" />
      <RootProperty Name="Template" />
      <RootProperty Name="Foreground" />
      <RootProperty Name="BorderBrush" />
      <RootProperty Name="Padding" />
    </RootType>
    <RootType FullName="Windows.UI.Xaml.Automation.AutomationProperties">
      <RootMethod Name="GetAutomationId" />
      <RootMethod Name="SetAutomationId" />
      <RootMethod Name="GetName" />
      <RootMethod Name="SetName" />
      <RootMethod Name="GetItemType" />
      <RootMethod Name="SetItemType" />
    </RootType>
    <RootType FullName="Windows.UI.Xaml.Controls.RichTextBlock">
      <RootProperty Name="Foreground" />
      <RootProperty Name="FontSize" />
      <RootProperty Name="FontFamily" />
      <RootProperty Name="TextTrimming" />
      <RootProperty Name="TextWrapping" />
      <RootProperty Name="LineHeight" />
      <RootProperty Name="LineStackingStrategy" />
      <RootProperty Name="FontWeight" />
    </RootType>
    <RootType FullName="Windows.UI.Xaml.Documents.Typography">
      <RootMethod Name="GetStylisticSet20" />
      <RootMethod Name="SetStylisticSet20" />
      <RootMethod Name="GetDiscretionaryLigatures" />
      <RootMethod Name="SetDiscretionaryLigatures" />
      <RootMethod Name="GetCaseSensitiveForms" />
      <RootMethod Name="SetCaseSensitiveForms" />
    </RootType>
    <RootType FullName="Windows.UI.Xaml.UIElement">
      <RootProperty Name="RenderTransform" />
    </RootType>
    <RootType FullName="Windows.UI.Xaml.Controls.TextBlock">
      <RootProperty Name="Foreground" />
      <RootProperty Name="FontSize" />
      <RootProperty Name="FontFamily" />
      <RootProperty Name="TextTrimming" />
      <RootProperty Name="TextWrapping" />
      <RootProperty Name="LineHeight" />
      <RootProperty Name="LineStackingStrategy" />
      <RootProperty Name="FontWeight" />
      <RootProperty Name="Text" />
      <RootProperty Name="Style" />
      <RootProperty Name="MaxHeight" />
      <RootProperty Name="Height" />
      <RootProperty Name="Margin" />
      <RootProperty Name="Opacity" />
      <RootProperty Name="TextAlignment" />
      <RootProperty Name="Width" />
      <RootProperty Name="VerticalAlignment" />
    </RootType>
    <RootType FullName="Windows.UI.Xaml.Controls.Primitives.ButtonBase" />
    <RootType FullName="Windows.UI.Xaml.Controls.RadioButton">
      <RootProperty Name="Content" />
      <RootProperty Name="Margin" />
      <RootProperty Name="FontSize" />
      <RootProperty Name="IsChecked" />
      <RootProperty Name="VerticalAlignment" />
      <RootProperty Name="GroupName" />
      <RootEvent Name="Click" />
    </RootType>
    <RootType FullName="Windows.UI.Xaml.Controls.ContentControl">
      <RootProperty Name="Content" />
      <RootProperty Name="HorizontalContentAlignment" />
      <RootProperty Name="VerticalContentAlignment" />
    </RootType>
    <RootType FullName="Windows.UI.Xaml.DataTemplate">
      <RootProperty Name="Template" />
    </RootType>
    <RootType FullName="Windows.UI.Xaml.Controls.ScrollViewer">
      <RootProperty Name="HorizontalScrollBarVisibility" />
      <RootProperty Name="VerticalScrollBarVisibility" />
      <RootProperty Name="HorizontalScrollMode" />
      <RootProperty Name="VerticalScrollMode" />
      <RootProperty Name="ZoomMode" />
    </RootType>
    <RootType FullName="Windows.UI.Xaml.Controls.Panel">
      <RootProperty Name="Background" />
      <RootProperty Name="ChildrenTransitions" />
    </RootType>
    <RootType FullName="Windows.UI.Xaml.Setter">
      <RootProperty Name="Property" />
      <RootProperty Name="Value" />
    </RootType>
    <RootType FullName="Windows.UI.Xaml.Media.Animation.TransitionCollection" />
    <RootType FullName="Windows.UI.Xaml.Media.Animation.EntranceThemeTransition" />
    <RootType FullName="Microsoft.Xaml.DirectUI.ProxyTypes.StaticResourceExtension" />
    <RootType FullName="Windows.UI.Xaml.Controls.Grid">
      <RootProperty Name="Children" />
      <RootProperty Name="Background" />
      <RootProperty Name="ColumnDefinitions" />
      <RootProperty Name="Margin" />
      <RootProperty Name="Width" />
      <RootProperty Name="Height" />
      <RootProperty Name="HorizontalAlignment" />
      <RootProperty Name="RenderTransformOrigin" />
      <RootProperty Name="RenderTransform" />
      <RootProperty Name="VerticalAlignment" />
      <RootMethod Name="GetColumn" />
      <RootMethod Name="SetColumn" />
      <RootMethod Name="GetColumnSpan" />
      <RootMethod Name="SetColumnSpan" />
    </RootType>
    <RootType FullName="Windows.UI.Xaml.Controls.ToolTipService">
      <RootMethod Name="GetPlacement" />
      <RootMethod Name="SetPlacement" />
      <RootMethod Name="GetToolTip" />
      <RootMethod Name="SetToolTip" />
    </RootType>
    <RootType FullName="Windows.UI.Xaml.Controls.Image">
      <RootProperty Name="Source" />
      <RootProperty Name="Width" />
      <RootProperty Name="Height" />
      <RootProperty Name="HorizontalAlignment" />
      <RootProperty Name="VerticalAlignment" />
      <RootProperty Name="Stretch" />
    </RootType>
    <RootType FullName="Windows.UI.Xaml.Data.Binding">
      <RootProperty Name="ElementName" />
      <RootProperty Name="Mode" />
      <RootProperty Name="Converter" />
      <RootProperty Name="Path" />
    </RootType>
    <RootType FullName="Windows.UI.Xaml.Controls.ToolTip">
      <RootProperty Name="Style" />
      <RootProperty Name="Content" />
    </RootType>
    <RootType FullName="Windows.UI.Xaml.Controls.ColumnDefinition">
      <RootProperty Name="Width" />
    </RootType>
    <RootType FullName="Windows.UI.Xaml.Controls.StackPanel">
      <RootProperty Name="Width" />
      <RootProperty Name="Margin" />
      <RootProperty Name="Children" />
      <RootProperty Name="VerticalAlignment" />
      <RootProperty Name="Background" />
      <RootProperty Name="Orientation" />
    </RootType>
    <RootType FullName="Windows.UI.Xaml.Controls.Border">
      <RootProperty Name="Background" />
      <RootProperty Name="Margin" />
      <RootProperty Name="Width" />
      <RootProperty Name="Height" />
      <RootProperty Name="Child" />
    </RootType>
    <RootType FullName="Windows.UI.Xaml.Controls.ControlTemplate">
      <RootProperty Name="TargetType" />
      <RootProperty Name="Template" />
    </RootType>
    <RootType FullName="Windows.UI.Xaml.VisualStateManager">
      <RootMethod Name="GetVisualStateGroups" />
    </RootType>
    <RootType FullName="Windows.UI.Xaml.Shapes.Rectangle">
      <RootProperty Name="IsHitTestVisible" />
      <RootProperty Name="Stroke" />
      <RootProperty Name="StrokeEndLineCap" />
      <RootProperty Name="StrokeDashArray" />
      <RootProperty Name="Opacity" />
      <RootProperty Name="StrokeDashOffset" />
    </RootType>
    <RootType FullName="Windows.UI.Xaml.VisualStateGroup">
      <RootProperty Name="States" />
    </RootType>
    <RootType FullName="Windows.UI.Xaml.VisualState">
      <RootProperty Name="Storyboard" />
    </RootType>
    <RootType FullName="Windows.UI.Xaml.Media.Animation.Storyboard">
      <RootProperty Name="Children" />
      <RootMethod Name="GetTargetName" />
      <RootMethod Name="SetTargetName" />
      <RootMethod Name="GetTargetProperty" />
      <RootMethod Name="SetTargetProperty" />
    </RootType>
    <RootType FullName="Windows.UI.Xaml.Media.Animation.DoubleAnimation">
      <RootProperty Name="To" />
      <RootProperty Name="Duration" />
    </RootType>
    <RootType FullName="Windows.UI.Xaml.Media.Animation.ObjectAnimationUsingKeyFrames">
      <RootProperty Name="KeyFrames" />
    </RootType>
    <RootType FullName="Windows.UI.Xaml.Media.Animation.DiscreteObjectKeyFrame">
      <RootProperty Name="KeyTime" />
      <RootProperty Name="Value" />
    </RootType>
    <RootType FullName="Microsoft.Xaml.DirectUI.ProxyTypes.TemplateBindingExtension" />
    <RootType FullName="Windows.UI.Xaml.Controls.ContentPresenter">
      <RootProperty Name="HorizontalAlignment" />
      <RootProperty Name="Margin" />
      <RootProperty Name="VerticalAlignment" />
      <RootProperty Name="Foreground" />
      <RootProperty Name="Content" />
    </RootType>
    <RootType FullName="Windows.UI.Xaml.Media.TranslateTransform">
      <RootProperty Name="X" />
      <RootProperty Name="Y" />
    </RootType>
    <RootType FullName="Windows.UI.Xaml.Media.ScaleTransform">
      <RootProperty Name="ScaleX" />
    </RootType>
    <RootType FullName="Common.SampleLayout">
      <RootProperty Name="Header" />
      <RootProperty Name="Sample" />
      <RootProperty Name="Setting" />
      <RootProperty Name="FlowDirection" />
      <RootProperty Name="DataContext" />
      <RootProperty Name="Resources" />
    </RootType>
    <RootType FullName="Syncfusion.UI.Xaml.PivotClient.SfPivotClient">
      <RootProperty Name="EnableAdvancedFilter" />
      <RootProperty Name="PagerButtonVisibility" />
      <RootProperty Name="EnableCalculatedMembers" />
      <RootProperty Name="FlowDirection" />
      <RootProperty Name="EnableAutoExecute" />
      <RootProperty Name="OlapDataManager" />
      <RootProperty Name="EnablePaging" />
      <RootProperty Name="PivotRows" />
      <RootProperty Name="PivotColumns" />
      <RootProperty Name="PivotCalculations" />
      <RootProperty Name="EnableVirtualKpi" />
    </RootType>
    <RootType FullName="BI.PivotClient.AdvancedFiltering" />
    <RootType FullName="BI.PivotClient.CalculatedMembers" />
    <RootType FullName="Windows.UI.Xaml.Controls.CheckBox">
      <RootProperty Name="Content" />
      <RootProperty Name="Margin" />
      <RootProperty Name="FontSize" />
      <RootProperty Name="IsChecked" />
      <RootProperty Name="Name" />
      <RootProperty Name="IsEnabled" />
      <RootEvent Name="Click" />
      <RootEvent Name="Checked" />
      <RootEvent Name="Unchecked" />
    </RootType>
    <RootType FullName="BI.PivotClient.DeferUpdate" />
    <RootType FullName="Syncfusion.SampleBrowser.UWP.PivotClient.PivotClient.ViewModel.ViewModel" />
    <RootType FullName="BI.PivotClient.GettingStarted" />
    <RootType FullName="Syncfusion.UI.Xaml.Controls.Notification.SfBusyIndicator">
      <RootProperty Name="Foreground" />
      <RootProperty Name="AnimationType" />
      <RootProperty Name="IsBusy" />
      <RootProperty Name="ViewboxHeight" />
      <RootProperty Name="ViewboxWidth" />
      <RootProperty Name="HorizontalAlignment" />
      <RootProperty Name="VerticalAlignment" />
    </RootType>
    <RootType FullName="BI.PivotClient.Localization" />
    <RootType FullName="BI.PivotClient.MDXQuery" />
    <RootType FullName="BI.PivotClient.Paging" />
    <RootType FullName="BI.PivotClient.PivotClientSamples.Converters.BooleanVisibilityConverter" />
    <RootType FullName="Windows.UI.Xaml.Controls.ComboBox">
      <RootProperty Name="Margin" />
      <RootProperty Name="FontSize" />
      <RootProperty Name="HorizontalAlignment" />
    </RootType>
    <RootType FullName="BI.PivotClient.PivotClientConfiguration" />
    <RootType FullName="BI.PivotClient.PivotClientCustomization" />
    <RootType FullName="Syncfusion.PivotAnalysis.UWP.PivotItem">
      <RootProperty Name="FieldCaption" />
      <RootProperty Name="FieldMappingName" />
      <RootProperty Name="TotalHeader" />
    </RootType>
    <RootType FullName="Syncfusion.PivotAnalysis.UWP.PivotComputationInfo">
      <RootProperty Name="FieldCaption" />
      <RootProperty Name="FieldName" />
      <RootProperty Name="Format" />
      <RootProperty Name="SummaryType" />
    </RootType>
    <RootType FullName="BI.PivotClient.Relational" />
    <RootType FullName="BI.PivotClient.VirtualKPI" />
  </Roots.RootTypes>
</Roots>
