﻿<?xml version="1.0" encoding="utf-8"?>
<Roots >
  <Roots.Interfaces>
    <RootInterface FullName="Windows.UI.Xaml.Data.IValueConverter" />
  </Roots.Interfaces>
  <Roots.PropertyPathNames>
    <RootPropertyPathName Name="Tasks" />
    <RootPropertyPathName Name="CardCount" />
    <RootPropertyPathName Name="Content" />
    <RootPropertyPathName Name="Header" />
    <RootPropertyPathName Name="PizzaShop" />
  </Roots.PropertyPathNames>
  <Roots.RootTypes>
    <RootType FullName="Windows.UI.Xaml.Application">
      <RootProperty Name="RequestedTheme" />
    </RootType>
    <RootType FullName="Windows.UI.Xaml.Controls.Page">
      <RootProperty Name="Content" />
    </RootType>
    <RootType FullName="Windows.UI.Xaml.Controls.Grid">
      <RootProperty Name="Background" />
      <RootProperty Name="DataContext" />
      <RootProperty Name="Children" />
      <RootProperty Name="Resources" />
      <RootProperty Name="ColumnDefinitions" />
      <RootProperty Name="RowDefinitions" />
      <RootMethod Name="GetRow" />
      <RootMethod Name="SetRow" />
      <RootMethod Name="GetColumnSpan" />
      <RootMethod Name="SetColumnSpan" />
      <RootMethod Name="GetColumn" />
      <RootMethod Name="SetColumn" />
    </RootType>
    <RootType FullName="Microsoft.Xaml.DirectUI.ProxyTypes.ThemeResourceExtension" />
    <RootType FullName="Syncfusion.SampleBrowser.UWP.SfKanban.MainPage" />
    <RootType FullName="Common.SampleLayout">
      <RootProperty Name="Sample" />
    </RootType>
    <RootType FullName="Windows.UI.Xaml.Controls.UserControl">
      <RootProperty Name="Content" />
    </RootType>
    <RootType FullName="Syncfusion.SampleBrowser.UWP.SfKanban.TaskDetails" />
    <RootType FullName="Syncfusion.UI.Xaml.Kanban.SfKanban">
      <RootProperty Name="ItemsSource" />
      <RootProperty Name="AutoGenerateColumns" />
      <RootProperty Name="IndicatorColorPalette" />
      <RootProperty Name="Columns" />
      <RootProperty Name="ColumnHeaderTemplate" />
      <RootProperty Name="Header" />
      <RootProperty Name="PlaceholderStyle" />
      <RootEvent Name="CardDragStart" />
      <RootEvent Name="CardDragEnd" />
    </RootType>
    <RootType FullName="Windows.UI.Xaml.Data.Binding">
      <RootProperty Name="RelativeSource" />
      <RootProperty Name="Converter" />
    </RootType>
    <RootType FullName="Syncfusion.UI.Xaml.Kanban.ColorMapping">
      <RootProperty Name="Color" />
      <RootProperty Name="Key" />
    </RootType>
    <RootType FullName="Syncfusion.UI.Xaml.Kanban.KanbanColumn">
      <RootProperty Name="Categories" />
      <RootProperty Name="Title" />
      <RootProperty Name="MaximumLimit" />
      <RootProperty Name="IsExpanded" />
      <RootProperty Name="ErrorBarSettings" />
      <RootProperty Name="MinimumLimit" />
      <RootProperty Name="AllowDrag" />
    </RootType>
    <RootType FullName="Syncfusion.UI.Xaml.Kanban.ErrorBarSettings">
      <RootProperty Name="MinValidationColor" />
      <RootProperty Name="MaxValidationColor" />
    </RootType>
    <RootType FullName="Syncfusion.SampleBrowser.UWP.SfKanban.Getting_Started" />
    <RootType FullName="Syncfusion.SampleBrowser.UWP.SfKanban.MenuDetails" />
    <RootType FullName="Syncfusion.SampleBrowser.UWP.SfKanban.CardCountConverter" />
    <RootType FullName="Windows.UI.Xaml.DataTemplate">
      <RootProperty Name="Template" />
    </RootType>
    <RootType FullName="Windows.UI.Xaml.Controls.ColumnDefinition">
      <RootProperty Name="Width" />
    </RootType>
    <RootType FullName="Windows.UI.Xaml.Controls.RowDefinition">
      <RootProperty Name="Height" />
    </RootType>
    <RootType FullName="Windows.UI.Xaml.Controls.TextBlock">
      <RootProperty Name="Text" />
      <RootProperty Name="VerticalAlignment" />
      <RootProperty Name="FontWeight" />
      <RootProperty Name="FontSize" />
      <RootProperty Name="Foreground" />
      <RootProperty Name="TextWrapping" />
      <RootProperty Name="Margin" />
      <RootProperty Name="HorizontalAlignment" />
    </RootType>
    <RootType FullName="Windows.UI.Xaml.Controls.StackPanel">
      <RootProperty Name="Orientation" />
      <RootProperty Name="Children" />
    </RootType>
    <RootType FullName="Windows.UI.Xaml.Controls.Border">
      <RootProperty Name="Background" />
      <RootProperty Name="Child" />
      <RootProperty Name="VerticalAlignment" />
      <RootProperty Name="Height" />
      <RootProperty Name="Width" />
    </RootType>
    <RootType FullName="Windows.UI.Xaml.Shapes.Path">
      <RootProperty Name="Data" />
      <RootProperty Name="Stretch" />
      <RootProperty Name="HorizontalAlignment" />
      <RootProperty Name="Stroke" />
      <RootProperty Name="StrokeThickness" />
      <RootProperty Name="StrokeLineJoin" />
      <RootProperty Name="UseLayoutRounding" />
      <RootProperty Name="Width" />
      <RootProperty Name="Height" />
      <RootProperty Name="RenderTransform" />
    </RootType>
    <RootType FullName="Windows.UI.Xaml.Media.CompositeTransform">
      <RootProperty Name="Rotation" />
    </RootType>
    <RootType FullName="Windows.UI.Xaml.Data.RelativeSource">
      <RootProperty Name="Mode" />
    </RootType>
    <RootType FullName="Microsoft.Xaml.DirectUI.ProxyTypes.StaticResourceExtension" />
    <RootType FullName="Syncfusion.UI.Xaml.Kanban.PlaceholderStyle">
      <RootProperty Name="Fill" />
      <RootProperty Name="Foreground" />
      <RootProperty Name="FontSize" />
    </RootType>
    <RootType FullName="Syncfusion.SampleBrowser.UWP.SfKanban.Pizza_Hut" />
    <RootType FullName="Syncfusion.SampleBrowser.UWP.SfKanban.SwimlaneViewModel" />
    <RootType FullName="Syncfusion.SampleBrowser.UWP.SfKanban.Swimlane" />
  </Roots.RootTypes>
</Roots>
