﻿<?xml version="1.0" encoding="utf-8"?>
<Roots >
  <Roots.PropertyPathNames>
    <RootPropertyPathName Name="Image" />
    <RootPropertyPathName Name="Description" />
    <RootPropertyPathName Name="Title" />
    <RootPropertyPathName Name="Subtitle" />
    <RootPropertyPathName Name="Header" />
    <RootPropertyPathName Name="Group" />
    <RootPropertyPathName Name="Key" />
    <RootPropertyPathName Name="GoToPageCommand" />
    <RootPropertyPathName Name="Text" />
    <RootPropertyPathName Name="SearchPreviousCommand" />
    <RootPropertyPathName Name="SearchNextCommand" />
    <RootPropertyPathName Name="RedoCommand" />
    <RootPropertyPathName Name="UndoCommand" />
    <RootPropertyPathName Name="DecreaseZoomCommand" />
    <RootPropertyPathName Name="IncreaseZoomCommand" />
    <RootPropertyPathName Name="NextPageCommand" />
    <RootPropertyPathName Name="PreviousPageCommand" />
    <RootPropertyPathName Name="PrintCommand" />
    <RootPropertyPathName Name="Annotation" />
    <RootPropertyPathName Name="CommentCollection" />
    <RootPropertyPathName Name="AnnotationCount" />
    <RootPropertyPathName Name="Page" />
    <RootPropertyPathName Name="ModifiedDateAndTime" />
    <RootPropertyPathName Name="Author" />
  </Roots.PropertyPathNames>
  <Roots.RootTypes>
    <RootType FullName="Windows.UI.Xaml.Application">
      <RootProperty Name="RequestedTheme" />
    </RootType>
    <RootType FullName="Windows.UI.Xaml.ResourceDictionary">
      <RootProperty Name="ThemeDictionaries" />
    </RootType>
    <RootType FullName="System.String" />
    <RootType FullName="Windows.UI.Xaml.Media.SolidColorBrush">
      <RootProperty Name="Color" />
    </RootType>
    <RootType FullName="Windows.UI.Color" />
    <RootType FullName="Windows.UI.Xaml.Controls.Button">
      <RootProperty Name="BorderThickness" />
      <RootProperty Name="IsTabStop" />
      <RootProperty Name="Visibility" />
      <RootProperty Name="FontSize" />
      <RootProperty Name="VerticalAlignment" />
      <RootProperty Name="Background" />
      <RootProperty Name="Content" />
      <RootProperty Name="Command" />
      <RootProperty Name="CommandParameter" />
      <RootProperty Name="Tag" />
      <RootProperty Name="Style" />
      <RootProperty Name="Name" />
      <RootProperty Name="HorizontalAlignment" />
      <RootProperty Name="Height" />
      <RootProperty Name="BorderBrush" />
      <RootProperty Name="Foreground" />
      <RootProperty Name="Width" />
      <RootProperty Name="Margin" />
      <RootProperty Name="IsEnabled" />
      <RootProperty Name="Padding" />
      <RootEvent Name="Click" />
    </RootType>
    <RootType FullName="Windows.UI.Xaml.FrameworkElement">
      <RootProperty Name="MinWidth" />
      <RootProperty Name="Height" />
      <RootProperty Name="Margin" />
      <RootProperty Name="VerticalAlignment" />
      <RootProperty Name="MinHeight" />
      <RootProperty Name="Width" />
    </RootType>
    <RootType FullName="Windows.UI.Xaml.Controls.Control">
      <RootProperty Name="FontFamily" />
      <RootProperty Name="FontWeight" />
      <RootProperty Name="FontSize" />
      <RootProperty Name="Template" />
      <RootProperty Name="Foreground" />
      <RootProperty Name="BorderBrush" />
      <RootProperty Name="Padding" />
      <RootProperty Name="Background" />
      <RootProperty Name="BorderThickness" />
    </RootType>
    <RootType FullName="Windows.UI.Xaml.Automation.AutomationProperties">
      <RootMethod Name="GetAutomationId" />
      <RootMethod Name="SetAutomationId" />
      <RootMethod Name="GetName" />
      <RootMethod Name="SetName" />
      <RootMethod Name="GetItemType" />
      <RootMethod Name="SetItemType" />
      <RootMethod Name="GetAccessibilityView" />
      <RootMethod Name="SetAccessibilityView" />
    </RootType>
    <RootType FullName="Windows.UI.Xaml.Controls.RichTextBlock">
      <RootProperty Name="Foreground" />
      <RootProperty Name="FontSize" />
      <RootProperty Name="FontFamily" />
      <RootProperty Name="TextTrimming" />
      <RootProperty Name="TextWrapping" />
      <RootProperty Name="LineHeight" />
      <RootProperty Name="LineStackingStrategy" />
      <RootProperty Name="FontWeight" />
    </RootType>
    <RootType FullName="Windows.UI.Xaml.Documents.Typography">
      <RootMethod Name="GetStylisticSet20" />
      <RootMethod Name="SetStylisticSet20" />
      <RootMethod Name="GetDiscretionaryLigatures" />
      <RootMethod Name="SetDiscretionaryLigatures" />
      <RootMethod Name="GetCaseSensitiveForms" />
      <RootMethod Name="SetCaseSensitiveForms" />
    </RootType>
    <RootType FullName="Windows.UI.Xaml.UIElement">
      <RootProperty Name="RenderTransform" />
      <RootProperty Name="ManipulationMode" />
    </RootType>
    <RootType FullName="Windows.UI.Xaml.Controls.TextBlock">
      <RootProperty Name="Foreground" />
      <RootProperty Name="FontSize" />
      <RootProperty Name="FontFamily" />
      <RootProperty Name="TextTrimming" />
      <RootProperty Name="TextWrapping" />
      <RootProperty Name="LineHeight" />
      <RootProperty Name="LineStackingStrategy" />
      <RootProperty Name="FontWeight" />
      <RootProperty Name="Text" />
      <RootProperty Name="Style" />
      <RootProperty Name="MaxHeight" />
      <RootProperty Name="Height" />
      <RootProperty Name="Margin" />
      <RootProperty Name="Opacity" />
      <RootProperty Name="TextAlignment" />
      <RootProperty Name="Width" />
      <RootProperty Name="VerticalAlignment" />
      <RootProperty Name="HorizontalAlignment" />
      <RootProperty Name="FontStyle" />
      <RootProperty Name="Name" />
      <RootProperty Name="Visibility" />
      <RootProperty Name="Padding" />
      <RootEvent Name="DoubleTapped" />
    </RootType>
    <RootType FullName="Windows.UI.Xaml.Controls.Primitives.ButtonBase" />
    <RootType FullName="Windows.UI.Xaml.Controls.RadioButton" />
    <RootType FullName="Windows.UI.Xaml.Controls.ContentControl">
      <RootProperty Name="Content" />
      <RootProperty Name="FontSize" />
      <RootProperty Name="Padding" />
      <RootProperty Name="VerticalAlignment" />
      <RootProperty Name="BorderThickness" />
      <RootProperty Name="HorizontalContentAlignment" />
      <RootProperty Name="VerticalContentAlignment" />
      <RootProperty Name="Foreground" />
      <RootProperty Name="Margin" />
      <RootProperty Name="IsTabStop" />
      <RootProperty Name="IsHitTestVisible" />
    </RootType>
    <RootType FullName="Windows.UI.Xaml.DataTemplate">
      <RootProperty Name="Template" />
    </RootType>
    <RootType FullName="Windows.UI.Xaml.Controls.ScrollViewer">
      <RootProperty Name="HorizontalScrollBarVisibility" />
      <RootProperty Name="VerticalScrollBarVisibility" />
      <RootProperty Name="HorizontalScrollMode" />
      <RootProperty Name="VerticalScrollMode" />
      <RootProperty Name="ZoomMode" />
      <RootProperty Name="IsHorizontalRailEnabled" />
      <RootProperty Name="IsVerticalRailEnabled" />
      <RootProperty Name="IsDeferredScrollingEnabled" />
      <RootProperty Name="Margin" />
      <RootProperty Name="Padding" />
      <RootProperty Name="IsTabStop" />
      <RootProperty Name="Content" />
      <RootMethod Name="GetHorizontalScrollBarVisibility" />
      <RootMethod Name="SetHorizontalScrollBarVisibility" />
      <RootMethod Name="GetVerticalScrollBarVisibility" />
      <RootMethod Name="SetVerticalScrollBarVisibility" />
      <RootMethod Name="GetIsDeferredScrollingEnabled" />
      <RootMethod Name="SetIsDeferredScrollingEnabled" />
    </RootType>
    <RootType FullName="Windows.UI.Xaml.Controls.Panel">
      <RootProperty Name="Background" />
      <RootProperty Name="ChildrenTransitions" />
    </RootType>
    <RootType FullName="Windows.UI.Xaml.Setter">
      <RootProperty Name="Property" />
      <RootProperty Name="Value" />
    </RootType>
    <RootType FullName="Windows.UI.Xaml.Media.Animation.TransitionCollection" />
    <RootType FullName="Windows.UI.Xaml.Media.Animation.EntranceThemeTransition" />
    <RootType FullName="Microsoft.Xaml.DirectUI.ProxyTypes.StaticResourceExtension" />
    <RootType FullName="Windows.UI.Xaml.Controls.Grid">
      <RootProperty Name="Children" />
      <RootProperty Name="Background" />
      <RootProperty Name="ColumnDefinitions" />
      <RootProperty Name="Margin" />
      <RootProperty Name="Width" />
      <RootProperty Name="Height" />
      <RootProperty Name="HorizontalAlignment" />
      <RootProperty Name="RenderTransformOrigin" />
      <RootProperty Name="RenderTransform" />
      <RootProperty Name="Resources" />
      <RootProperty Name="RowDefinitions" />
      <RootProperty Name="VerticalAlignment" />
      <RootProperty Name="Name" />
      <RootProperty Name="Visibility" />
      <RootProperty Name="Opacity" />
      <RootProperty Name="Padding" />
      <RootProperty Name="BorderThickness" />
      <RootProperty Name="BorderBrush" />
      <RootProperty Name="IsTapEnabled" />
      <RootEvent Name="Loaded" />
      <RootEvent Name="KeyDown" />
      <RootEvent Name="Tapped" />
      <RootMethod Name="GetColumn" />
      <RootMethod Name="SetColumn" />
      <RootMethod Name="GetColumnSpan" />
      <RootMethod Name="SetColumnSpan" />
      <RootMethod Name="GetRow" />
      <RootMethod Name="SetRow" />
      <RootMethod Name="GetRowSpan" />
      <RootMethod Name="SetRowSpan" />
    </RootType>
    <RootType FullName="Windows.UI.Xaml.Controls.ToolTipService">
      <RootMethod Name="GetPlacement" />
      <RootMethod Name="SetPlacement" />
      <RootMethod Name="GetToolTip" />
      <RootMethod Name="SetToolTip" />
    </RootType>
    <RootType FullName="Windows.UI.Xaml.Controls.Image">
      <RootProperty Name="Source" />
      <RootProperty Name="Width" />
      <RootProperty Name="Height" />
      <RootProperty Name="HorizontalAlignment" />
      <RootProperty Name="VerticalAlignment" />
      <RootProperty Name="Stretch" />
      <RootProperty Name="Opacity" />
    </RootType>
    <RootType FullName="Windows.UI.Xaml.Data.Binding">
      <RootProperty Name="ElementName" />
      <RootProperty Name="Path" />
      <RootProperty Name="Mode" />
    </RootType>
    <RootType FullName="Windows.UI.Xaml.Controls.ToolTip">
      <RootProperty Name="Style" />
      <RootProperty Name="Content" />
    </RootType>
    <RootType FullName="Windows.UI.Xaml.Controls.ColumnDefinition">
      <RootProperty Name="Width" />
    </RootType>
    <RootType FullName="Windows.UI.Xaml.Controls.StackPanel">
      <RootProperty Name="Width" />
      <RootProperty Name="Margin" />
      <RootProperty Name="Children" />
      <RootProperty Name="VerticalAlignment" />
      <RootProperty Name="Background" />
      <RootProperty Name="Orientation" />
    </RootType>
    <RootType FullName="Windows.UI.Xaml.Controls.Border">
      <RootProperty Name="Background" />
      <RootProperty Name="Margin" />
      <RootProperty Name="Width" />
      <RootProperty Name="Height" />
      <RootProperty Name="Child" />
      <RootProperty Name="BorderBrush" />
      <RootProperty Name="BorderThickness" />
      <RootProperty Name="Visibility" />
    </RootType>
    <RootType FullName="Windows.UI.Xaml.Controls.ControlTemplate">
      <RootProperty Name="TargetType" />
      <RootProperty Name="Template" />
    </RootType>
    <RootType FullName="Windows.UI.Xaml.VisualStateManager">
      <RootMethod Name="GetVisualStateGroups" />
    </RootType>
    <RootType FullName="Windows.UI.Xaml.Shapes.Rectangle">
      <RootProperty Name="IsHitTestVisible" />
      <RootProperty Name="Stroke" />
      <RootProperty Name="StrokeEndLineCap" />
      <RootProperty Name="StrokeDashArray" />
      <RootProperty Name="Opacity" />
      <RootProperty Name="StrokeDashOffset" />
      <RootProperty Name="Fill" />
      <RootProperty Name="Height" />
      <RootProperty Name="StrokeThickness" />
      <RootProperty Name="Visibility" />
      <RootProperty Name="Width" />
      <RootProperty Name="Margin" />
      <RootProperty Name="IsTapEnabled" />
      <RootProperty Name="VerticalAlignment" />
      <RootProperty Name="HorizontalAlignment" />
    </RootType>
    <RootType FullName="Windows.UI.Xaml.VisualStateGroup">
      <RootProperty Name="States" />
    </RootType>
    <RootType FullName="Windows.UI.Xaml.VisualState">
      <RootProperty Name="Storyboard" />
    </RootType>
    <RootType FullName="Windows.UI.Xaml.Media.Animation.Storyboard">
      <RootProperty Name="Children" />
      <RootMethod Name="GetTargetName" />
      <RootMethod Name="SetTargetName" />
      <RootMethod Name="GetTargetProperty" />
      <RootMethod Name="SetTargetProperty" />
    </RootType>
    <RootType FullName="Windows.UI.Xaml.Media.Animation.DoubleAnimation">
      <RootProperty Name="To" />
      <RootProperty Name="Duration" />
    </RootType>
    <RootType FullName="Windows.UI.Xaml.Media.Animation.ObjectAnimationUsingKeyFrames">
      <RootProperty Name="KeyFrames" />
    </RootType>
    <RootType FullName="Windows.UI.Xaml.Media.Animation.DiscreteObjectKeyFrame">
      <RootProperty Name="KeyTime" />
      <RootProperty Name="Value" />
    </RootType>
    <RootType FullName="Microsoft.Xaml.DirectUI.ProxyTypes.TemplateBindingExtension" />
    <RootType FullName="Windows.UI.Xaml.Controls.ContentPresenter">
      <RootProperty Name="HorizontalAlignment" />
      <RootProperty Name="Margin" />
      <RootProperty Name="VerticalAlignment" />
      <RootProperty Name="Foreground" />
      <RootProperty Name="Content" />
      <RootProperty Name="ContentTemplate" />
      <RootProperty Name="FontWeight" />
      <RootProperty Name="FontSize" />
      <RootProperty Name="HorizontalContentAlignment" />
      <RootProperty Name="VerticalContentAlignment" />
      <RootProperty Name="Background" />
      <RootProperty Name="Width" />
      <RootProperty Name="Height" />
    </RootType>
    <RootType FullName="Windows.UI.Xaml.Media.TranslateTransform">
      <RootProperty Name="X" />
      <RootProperty Name="Y" />
    </RootType>
    <RootType FullName="Windows.UI.Xaml.Media.ScaleTransform">
      <RootProperty Name="ScaleX" />
      <RootProperty Name="ScaleY" />
    </RootType>
    <RootType FullName="Windows.UI.Xaml.Controls.Page">
      <RootProperty Name="Resources" />
      <RootProperty Name="Content" />
    </RootType>
    <RootType FullName="Syncfusion.UI.Xaml.Controls.Navigation.TreeNavigatorHeaderItem" />
    <RootType FullName="Windows.UI.Xaml.Controls.Primitives.ToggleButton">
      <RootProperty Name="Background" />
      <RootProperty Name="Tag" />
      <RootProperty Name="Style" />
      <RootProperty Name="Name" />
      <RootProperty Name="Visibility" />
      <RootProperty Name="VerticalAlignment" />
      <RootProperty Name="HorizontalAlignment" />
      <RootProperty Name="Height" />
      <RootProperty Name="Width" />
      <RootProperty Name="Content" />
      <RootProperty Name="Margin" />
      <RootEvent Name="Checked" />
      <RootEvent Name="Unchecked" />
      <RootEvent Name="Click" />
    </RootType>
    <RootType FullName="Windows.UI.Xaml.Controls.Slider">
      <RootProperty Name="Name" />
      <RootProperty Name="IsThumbToolTipEnabled" />
      <RootProperty Name="VerticalAlignment" />
      <RootProperty Name="HorizontalAlignment" />
      <RootProperty Name="Style" />
      <RootEvent Name="GotFocus" />
      <RootEvent Name="ValueChanged" />
    </RootType>
    <RootType FullName="Windows.UI.Xaml.Controls.TextBox">
      <RootProperty Name="SelectionHighlightColor" />
      <RootProperty Name="Name" />
      <RootProperty Name="Margin" />
      <RootProperty Name="FontFamily" />
      <RootProperty Name="FontSize" />
      <RootProperty Name="Foreground" />
      <RootProperty Name="Text" />
      <RootProperty Name="BorderThickness" />
      <RootProperty Name="Height" />
      <RootProperty Name="Background" />
      <RootProperty Name="VerticalAlignment" />
      <RootProperty Name="BorderBrush" />
      <RootProperty Name="Style" />
      <RootProperty Name="TextAlignment" />
      <RootProperty Name="MinWidth" />
      <RootProperty Name="MaxWidth" />
      <RootProperty Name="Width" />
      <RootProperty Name="HorizontalAlignment" />
      <RootProperty Name="Padding" />
      <RootProperty Name="PlaceholderText" />
      <RootProperty Name="PlaceholderForeground" />
      <RootProperty Name="TextWrapping" />
      <RootEvent Name="GotFocus" />
      <RootEvent Name="KeyDown" />
      <RootEvent Name="TextChanged" />
      <RootEvent Name="LostFocus" />
    </RootType>
    <RootType FullName="Syncfusion.UI.Xaml.Controls.Navigation.SfTreeNavigatorItem" />
    <RootType FullName="Syncfusion.UI.Xaml.Primitives.HeaderedItemsControl">
      <RootProperty Name="HeaderTemplate" />
    </RootType>
    <RootType FullName="Microsoft.Xaml.DirectUI.ProxyTypes.ThemeResourceExtension" />
    <RootType FullName="Windows.UI.Xaml.Visibility" />
    <RootType FullName="Windows.UI.Xaml.Controls.RowDefinition">
      <RootProperty Name="Height" />
    </RootType>
    <RootType FullName="Windows.UI.Xaml.Shapes.Path">
      <RootProperty Name="Data" />
      <RootProperty Name="Fill" />
      <RootProperty Name="Stretch" />
      <RootProperty Name="StrokeStartLineCap" />
      <RootProperty Name="StrokeEndLineCap" />
      <RootProperty Name="Stroke" />
      <RootProperty Name="StrokeThickness" />
      <RootProperty Name="StrokeMiterLimit" />
      <RootProperty Name="StrokeLineJoin" />
      <RootProperty Name="Margin" />
      <RootProperty Name="UseLayoutRounding" />
      <RootProperty Name="Height" />
      <RootProperty Name="Width" />
      <RootProperty Name="HorizontalAlignment" />
      <RootProperty Name="VerticalAlignment" />
      <RootProperty Name="RenderTransformOrigin" />
      <RootProperty Name="RenderTransform" />
    </RootType>
    <RootType FullName="Windows.UI.Xaml.Controls.Primitives.Thumb">
      <RootProperty Name="Background" />
      <RootProperty Name="Style" />
      <RootProperty Name="DataContext" />
      <RootProperty Name="Width" />
      <RootProperty Name="Height" />
    </RootType>
    <RootType FullName="Windows.UI.Xaml.Controls.Primitives.TickBar">
      <RootProperty Name="Visibility" />
      <RootProperty Name="Fill" />
      <RootProperty Name="Height" />
      <RootProperty Name="VerticalAlignment" />
      <RootProperty Name="Margin" />
    </RootType>
    <RootType FullName="Windows.UI.Xaml.Shapes.Ellipse">
      <RootProperty Name="Name" />
      <RootProperty Name="Visibility" />
      <RootProperty Name="Fill" />
      <RootProperty Name="Margin" />
      <RootProperty Name="Width" />
      <RootProperty Name="Height" />
      <RootProperty Name="VerticalAlignment" />
      <RootProperty Name="HorizontalAlignment" />
    </RootType>
    <RootType FullName="Windows.UI.Xaml.Controls.Canvas">
      <RootMethod Name="GetLeft" />
      <RootMethod Name="SetLeft" />
      <RootMethod Name="GetTop" />
      <RootMethod Name="SetTop" />
    </RootType>
    <RootType FullName="Syncfusion.UI.Xaml.Controls.Navigation.SfTreeNavigator">
      <RootProperty Name="BorderBrush" />
      <RootProperty Name="Height" />
      <RootProperty Name="Width" />
      <RootProperty Name="NavigationMode" />
      <RootProperty Name="Foreground" />
      <RootProperty Name="ItemContainerStyle" />
      <RootProperty Name="Background" />
      <RootProperty Name="BorderThickness" />
    </RootType>
    <RootType FullName="Syncfusion.Windows.PdfViewer.SfPdfViewerControl">
      <RootProperty Name="Name" />
    </RootType>
    <RootType FullName="PdfViewerDemo.FormFillings" />
    <RootType FullName="Syncfusion.UI.Xaml.Controls.Navigation.SfMenuItem" />
    <RootType FullName="Windows.UI.Xaml.Controls.PathIcon">
      <RootProperty Name="Data" />
      <RootProperty Name="HorizontalAlignment" />
      <RootProperty Name="Height" />
      <RootProperty Name="VerticalAlignment" />
      <RootProperty Name="Width" />
      <RootProperty Name="RenderTransform" />
      <RootProperty Name="Margin" />
    </RootType>
    <RootType FullName="Windows.UI.Xaml.Media.CompositeTransform">
      <RootProperty Name="ScaleX" />
      <RootProperty Name="ScaleY" />
    </RootType>
    <RootType FullName="Windows.UI.Xaml.Media.TransformGroup">
      <RootProperty Name="Children" />
    </RootType>
    <RootType FullName="Windows.UI.Xaml.Media.RotateTransform">
      <RootProperty Name="Angle" />
    </RootType>
    <RootType FullName="Windows.UI.Xaml.Controls.UserControl">
      <RootProperty Name="Resources" />
      <RootProperty Name="Content" />
    </RootType>
    <RootType FullName="Windows.UI.Xaml.Controls.ListViewItem" />
    <RootType FullName="PdfViewerDemo.CommentView">
      <RootProperty Name="BorderThickness" />
      <RootProperty Name="Annotation" />
    </RootType>
    <RootType FullName="Windows.UI.Xaml.Controls.Primitives.ListViewItemPresenter">
      <RootProperty Name="PressedBackground" />
      <RootProperty Name="PointerOverBackground" />
      <RootProperty Name="SelectedPressedBackground" />
      <RootProperty Name="SelectedPointerOverBackground" />
      <RootProperty Name="SelectedBackground" />
    </RootType>
    <RootType FullName="Windows.UI.Xaml.Controls.ListView">
      <RootProperty Name="ItemTemplate" />
      <RootProperty Name="BorderThickness" />
      <RootProperty Name="ItemContainerStyle" />
      <RootProperty Name="Background" />
      <RootProperty Name="ItemsSource" />
      <RootProperty Name="Width" />
    </RootType>
    <RootType FullName="PdfViewerDemo.CommentListView" />
    <RootType FullName="PdfViewerDemo.MainPage" />
  </Roots.RootTypes>
</Roots>
