﻿<?xml version="1.0" encoding="utf-8"?>
<Roots >
  <Roots.Interfaces>
    <RootInterface FullName="Windows.UI.Xaml.Data.IValueConverter" />
  </Roots.Interfaces>
  <Roots.PropertyPathNames>
    <RootPropertyPathName Name="Image" />
    <RootPropertyPathName Name="Description" />
    <RootPropertyPathName Name="Title" />
    <RootPropertyPathName Name="Subtitle" />
    <RootPropertyPathName Name="Header" />
    <RootPropertyPathName Name="Group" />
    <RootPropertyPathName Name="Key" />
    <RootPropertyPathName Name="AllowSelectionWithHeaders" />
    <RootPropertyPathName Name="AllowSelection" />
    <RootPropertyPathName Name="CellValue" />
    <RootPropertyPathName Name="IsChecked" />
    <RootPropertyPathName Name="EnableConditionalFormat" />
    <RootPropertyPathName Name="ProductSalesData" />
    <RootPropertyPathName Name="UpdateSourceCommand" />
    <RootPropertyPathName Name="Content" />
    <RootPropertyPathName Name="TimerActivationCommand" />
    <RootPropertyPathName Name="ShowCalculationsAsColumns" />
    <RootPropertyPathName Name="ShowColumnSubTotals" />
    <RootPropertyPathName Name="ShowRowSubTotals" />
    <RootPropertyPathName Name="ShowSubTotals" />
    <RootPropertyPathName Name="BusinessSalesData" />
    <RootPropertyPathName Name="EnableStatePersistence" />
  </Roots.PropertyPathNames>
  <Roots.RootTypes>
    <RootType FullName="Windows.UI.Xaml.Application">
      <RootProperty Name="RequestedTheme" />
      <RootProperty Name="Resources" />
    </RootType>
    <RootType FullName="Windows.UI.Xaml.ResourceDictionary">
      <RootProperty Name="ThemeDictionaries" />
    </RootType>
    <RootType FullName="System.String" />
    <RootType FullName="Windows.UI.Xaml.Media.SolidColorBrush">
      <RootProperty Name="Color" />
    </RootType>
    <RootType FullName="Windows.UI.Color" />
    <RootType FullName="Windows.UI.Xaml.Controls.Button">
      <RootProperty Name="Content" />
      <RootProperty Name="Margin" />
      <RootProperty Name="FontFamily" />
      <RootProperty Name="FontSize" />
      <RootProperty Name="Width" />
      <RootProperty Name="HorizontalAlignment" />
      <RootProperty Name="HorizontalContentAlignment" />
      <RootProperty Name="IsEnabled" />
      <RootProperty Name="Command" />
      <RootProperty Name="CommandParameter" />
      <RootEvent Name="Click" />
    </RootType>
    <RootType FullName="Windows.UI.Xaml.FrameworkElement">
      <RootProperty Name="MinWidth" />
      <RootProperty Name="Height" />
      <RootProperty Name="Margin" />
      <RootProperty Name="VerticalAlignment" />
      <RootProperty Name="MinHeight" />
      <RootProperty Name="Width" />
    </RootType>
    <RootType FullName="Windows.UI.Xaml.Controls.Control">
      <RootProperty Name="FontFamily" />
      <RootProperty Name="FontWeight" />
      <RootProperty Name="FontSize" />
      <RootProperty Name="Template" />
      <RootProperty Name="Foreground" />
      <RootProperty Name="BorderBrush" />
      <RootProperty Name="Padding" />
    </RootType>
    <RootType FullName="Windows.UI.Xaml.Automation.AutomationProperties">
      <RootMethod Name="GetAutomationId" />
      <RootMethod Name="SetAutomationId" />
      <RootMethod Name="GetName" />
      <RootMethod Name="SetName" />
      <RootMethod Name="GetItemType" />
      <RootMethod Name="SetItemType" />
    </RootType>
    <RootType FullName="Windows.UI.Xaml.Controls.RichTextBlock">
      <RootProperty Name="Foreground" />
      <RootProperty Name="FontSize" />
      <RootProperty Name="FontFamily" />
      <RootProperty Name="TextTrimming" />
      <RootProperty Name="TextWrapping" />
      <RootProperty Name="LineHeight" />
      <RootProperty Name="LineStackingStrategy" />
      <RootProperty Name="FontWeight" />
    </RootType>
    <RootType FullName="Windows.UI.Xaml.Documents.Typography">
      <RootMethod Name="GetStylisticSet20" />
      <RootMethod Name="SetStylisticSet20" />
      <RootMethod Name="GetDiscretionaryLigatures" />
      <RootMethod Name="SetDiscretionaryLigatures" />
      <RootMethod Name="GetCaseSensitiveForms" />
      <RootMethod Name="SetCaseSensitiveForms" />
    </RootType>
    <RootType FullName="Windows.UI.Xaml.UIElement">
      <RootProperty Name="RenderTransform" />
    </RootType>
    <RootType FullName="Windows.UI.Xaml.Controls.TextBlock">
      <RootProperty Name="Foreground" />
      <RootProperty Name="FontSize" />
      <RootProperty Name="FontFamily" />
      <RootProperty Name="TextTrimming" />
      <RootProperty Name="TextWrapping" />
      <RootProperty Name="LineHeight" />
      <RootProperty Name="LineStackingStrategy" />
      <RootProperty Name="FontWeight" />
      <RootProperty Name="Text" />
      <RootProperty Name="Style" />
      <RootProperty Name="MaxHeight" />
      <RootProperty Name="Height" />
      <RootProperty Name="Margin" />
      <RootProperty Name="Opacity" />
      <RootProperty Name="TextAlignment" />
      <RootProperty Name="Width" />
      <RootProperty Name="VerticalAlignment" />
      <RootProperty Name="HorizontalAlignment" />
      <RootProperty Name="MinWidth" />
      <RootProperty Name="Inlines" />
    </RootType>
    <RootType FullName="Windows.UI.Xaml.Controls.Primitives.ButtonBase" />
    <RootType FullName="Windows.UI.Xaml.Controls.RadioButton">
      <RootProperty Name="Margin" />
      <RootProperty Name="FontFamily" />
      <RootProperty Name="FontSize" />
      <RootProperty Name="Content" />
      <RootProperty Name="IsChecked" />
      <RootEvent Name="Click" />
    </RootType>
    <RootType FullName="Windows.UI.Xaml.Controls.ContentControl">
      <RootProperty Name="Content" />
    </RootType>
    <RootType FullName="Windows.UI.Xaml.DataTemplate">
      <RootProperty Name="Template" />
    </RootType>
    <RootType FullName="Windows.UI.Xaml.Controls.ScrollViewer">
      <RootProperty Name="HorizontalScrollBarVisibility" />
      <RootProperty Name="VerticalScrollBarVisibility" />
      <RootProperty Name="HorizontalScrollMode" />
      <RootProperty Name="VerticalScrollMode" />
      <RootProperty Name="ZoomMode" />
    </RootType>
    <RootType FullName="Windows.UI.Xaml.Controls.Panel">
      <RootProperty Name="Background" />
      <RootProperty Name="ChildrenTransitions" />
    </RootType>
    <RootType FullName="Windows.UI.Xaml.Setter">
      <RootProperty Name="Property" />
      <RootProperty Name="Value" />
    </RootType>
    <RootType FullName="Windows.UI.Xaml.Media.Animation.TransitionCollection" />
    <RootType FullName="Windows.UI.Xaml.Media.Animation.EntranceThemeTransition" />
    <RootType FullName="Microsoft.Xaml.DirectUI.ProxyTypes.StaticResourceExtension" />
    <RootType FullName="Windows.UI.Xaml.Controls.Grid">
      <RootProperty Name="Children" />
      <RootProperty Name="Background" />
      <RootProperty Name="ColumnDefinitions" />
      <RootProperty Name="Margin" />
      <RootProperty Name="Width" />
      <RootProperty Name="Height" />
      <RootProperty Name="HorizontalAlignment" />
      <RootProperty Name="RenderTransformOrigin" />
      <RootProperty Name="RenderTransform" />
      <RootProperty Name="RowDefinitions" />
      <RootMethod Name="GetColumn" />
      <RootMethod Name="SetColumn" />
      <RootMethod Name="GetColumnSpan" />
      <RootMethod Name="SetColumnSpan" />
      <RootMethod Name="GetRow" />
      <RootMethod Name="SetRow" />
    </RootType>
    <RootType FullName="Windows.UI.Xaml.Controls.ToolTipService">
      <RootMethod Name="GetPlacement" />
      <RootMethod Name="SetPlacement" />
      <RootMethod Name="GetToolTip" />
      <RootMethod Name="SetToolTip" />
    </RootType>
    <RootType FullName="Windows.UI.Xaml.Controls.Image">
      <RootProperty Name="Source" />
      <RootProperty Name="Width" />
      <RootProperty Name="Height" />
      <RootProperty Name="HorizontalAlignment" />
      <RootProperty Name="VerticalAlignment" />
      <RootProperty Name="Stretch" />
      <RootProperty Name="Margin" />
    </RootType>
    <RootType FullName="Windows.UI.Xaml.Data.Binding">
      <RootProperty Name="ElementName" />
      <RootProperty Name="Path" />
      <RootProperty Name="Mode" />
      <RootProperty Name="Converter" />
    </RootType>
    <RootType FullName="Windows.UI.Xaml.Controls.ToolTip">
      <RootProperty Name="Style" />
      <RootProperty Name="Content" />
    </RootType>
    <RootType FullName="Windows.UI.Xaml.Controls.ColumnDefinition">
      <RootProperty Name="Width" />
    </RootType>
    <RootType FullName="Windows.UI.Xaml.Controls.StackPanel">
      <RootProperty Name="Width" />
      <RootProperty Name="Margin" />
      <RootProperty Name="Children" />
      <RootProperty Name="VerticalAlignment" />
      <RootProperty Name="Background" />
      <RootProperty Name="Orientation" />
    </RootType>
    <RootType FullName="Windows.UI.Xaml.Controls.Border">
      <RootProperty Name="Background" />
      <RootProperty Name="Margin" />
      <RootProperty Name="Width" />
      <RootProperty Name="Height" />
      <RootProperty Name="Child" />
    </RootType>
    <RootType FullName="Windows.UI.Xaml.Controls.ControlTemplate">
      <RootProperty Name="TargetType" />
      <RootProperty Name="Template" />
    </RootType>
    <RootType FullName="Windows.UI.Xaml.VisualStateManager">
      <RootMethod Name="GetVisualStateGroups" />
    </RootType>
    <RootType FullName="Windows.UI.Xaml.Shapes.Rectangle">
      <RootProperty Name="IsHitTestVisible" />
      <RootProperty Name="Stroke" />
      <RootProperty Name="StrokeEndLineCap" />
      <RootProperty Name="StrokeDashArray" />
      <RootProperty Name="Opacity" />
      <RootProperty Name="StrokeDashOffset" />
    </RootType>
    <RootType FullName="Windows.UI.Xaml.VisualStateGroup">
      <RootProperty Name="States" />
    </RootType>
    <RootType FullName="Windows.UI.Xaml.VisualState">
      <RootProperty Name="Storyboard" />
    </RootType>
    <RootType FullName="Windows.UI.Xaml.Media.Animation.Storyboard">
      <RootProperty Name="Children" />
      <RootMethod Name="GetTargetName" />
      <RootMethod Name="SetTargetName" />
      <RootMethod Name="GetTargetProperty" />
      <RootMethod Name="SetTargetProperty" />
    </RootType>
    <RootType FullName="Windows.UI.Xaml.Media.Animation.DoubleAnimation">
      <RootProperty Name="To" />
      <RootProperty Name="Duration" />
    </RootType>
    <RootType FullName="Windows.UI.Xaml.Media.Animation.ObjectAnimationUsingKeyFrames">
      <RootProperty Name="KeyFrames" />
    </RootType>
    <RootType FullName="Windows.UI.Xaml.Media.Animation.DiscreteObjectKeyFrame">
      <RootProperty Name="KeyTime" />
      <RootProperty Name="Value" />
    </RootType>
    <RootType FullName="Microsoft.Xaml.DirectUI.ProxyTypes.TemplateBindingExtension" />
    <RootType FullName="Windows.UI.Xaml.Controls.ContentPresenter">
      <RootProperty Name="HorizontalAlignment" />
      <RootProperty Name="Margin" />
      <RootProperty Name="VerticalAlignment" />
      <RootProperty Name="Foreground" />
      <RootProperty Name="Content" />
    </RootType>
    <RootType FullName="Windows.UI.Xaml.Media.TranslateTransform">
      <RootProperty Name="X" />
      <RootProperty Name="Y" />
    </RootType>
    <RootType FullName="Windows.UI.Xaml.Media.ScaleTransform">
      <RootProperty Name="ScaleX" />
    </RootType>
    <RootType FullName="Common.SampleLayout">
      <RootProperty Name="Header" />
      <RootProperty Name="Sample" />
      <RootProperty Name="Setting" />
      <RootProperty Name="Resources" />
    </RootType>
    <RootType FullName="Syncfusion.UI.Xaml.PivotGrid.SfPivotGrid">
      <RootProperty Name="FlowDirection" />
      <RootProperty Name="Margin" />
      <RootProperty Name="AllowSelection" />
      <RootProperty Name="ShowHeaderCellsToolTip" />
      <RootProperty Name="ShowValueCellToolTip" />
      <RootProperty Name="ColumnHeaderStyle" />
      <RootProperty Name="EnableConditionalFormat" />
      <RootProperty Name="ConditionalFormats" />
      <RootProperty Name="FreezeHeaders" />
      <RootProperty Name="EnableValueEditing" />
      <RootProperty Name="ItemSource" />
      <RootProperty Name="PivotRows" />
      <RootProperty Name="PivotColumns" />
      <RootProperty Name="PivotCalculations" />
      <RootProperty Name="EnableUpdating" />
      <RootProperty Name="HorizontalAlignment" />
      <RootProperty Name="AllowedFields" />
      <RootProperty Name="LoadInBackground" />
      <RootProperty Name="ShowGroupingBar" />
      <RootProperty Name="RowPivotsOnly" />
      <RootProperty Name="ShowPivotValueChooser" />
      <RootProperty Name="EnableGroupingBarRemoving" />
    </RootType>
    <RootType FullName="BI.PivotGrid.MDXQuery" />
    <RootType FullName="Syncfusion.UI.Xaml.Controls.Notification.SfBusyIndicator">
      <RootProperty Name="Foreground" />
      <RootProperty Name="AnimationType" />
      <RootProperty Name="IsBusy" />
      <RootProperty Name="ViewboxHeight" />
      <RootProperty Name="ViewboxWidth" />
      <RootProperty Name="HorizontalAlignment" />
      <RootProperty Name="VerticalAlignment" />
    </RootType>
    <RootType FullName="BI.PivotGrid.Exporting" />
    <RootType FullName="Windows.UI.Xaml.Controls.RowDefinition">
      <RootProperty Name="Height" />
    </RootType>
    <RootType FullName="Windows.UI.Xaml.Controls.ListBox">
      <RootProperty Name="Name" />
      <RootProperty Name="Margin" />
      <RootProperty Name="ItemTemplate" />
    </RootType>
    <RootType FullName="BI.PivotGrid.CellSelection" />
    <RootType FullName="BI.PivotGrid.Tutorials.PivotGridSamples.Converters.ImageConverter" />
    <RootType FullName="Syncfusion.UI.Xaml.PivotGrid.PivotGridTemplateCell" />
    <RootType FullName="Syncfusion.UI.Xaml.PivotGrid.PivotGridCellStyle">
      <RootProperty Name="Background" />
      <RootProperty Name="Style" />
      <RootProperty Name="Foreground" />
      <RootProperty Name="FontFamily" />
      <RootProperty Name="FontSize" />
      <RootProperty Name="FontWeight" />
    </RootType>
    <RootType FullName="BI.PivotGrid.CellTemplate" />
    <RootType FullName="Windows.UI.Xaml.Controls.Primitives.Popup" />
    <RootType FullName="Syncfusion.UI.Xaml.PivotGrid.PivotGridDataConditionalFormat">
      <RootProperty Name="Name" />
      <RootProperty Name="CellStyle" />
      <RootProperty Name="Conditions" />
    </RootType>
    <RootType FullName="Syncfusion.UI.Xaml.PivotGrid.PivotGridDataCondition">
      <RootProperty Name="ConditionType" />
      <RootProperty Name="MeasureElement" />
      <RootProperty Name="Value" />
      <RootProperty Name="PredicateType" />
    </RootType>
    <RootType FullName="Windows.UI.Xaml.Controls.CheckBox">
      <RootProperty Name="Margin" />
      <RootProperty Name="FontSize" />
      <RootProperty Name="Content" />
      <RootProperty Name="FontFamily" />
      <RootProperty Name="IsChecked" />
      <RootProperty Name="Command" />
      <RootProperty Name="CommandParameter" />
      <RootProperty Name="Name" />
      <RootProperty Name="IsEnabled" />
      <RootProperty Name="HorizontalAlignment" />
      <RootProperty Name="VerticalAlignment" />
      <RootEvent Name="Click" />
      <RootEvent Name="Checked" />
      <RootEvent Name="Unchecked" />
    </RootType>
    <RootType FullName="BI.PivotGrid.ConditionalFormat" />
    <RootType FullName="Windows.UI.Xaml.Controls.ComboBox">
      <RootProperty Name="Margin" />
      <RootProperty Name="FontFamily" />
      <RootProperty Name="FontSize" />
      <RootProperty Name="SelectedIndex" />
      <RootProperty Name="HorizontalAlignment" />
      <RootProperty Name="Items" />
      <RootProperty Name="Name" />
      <RootEvent Name="SelectionChanged" />
    </RootType>
    <RootType FullName="Windows.UI.Xaml.Controls.ComboBoxItem">
      <RootProperty Name="Content" />
    </RootType>
    <RootType FullName="BI.PivotGrid.CustomSummaries" />
    <RootType FullName="Syncfusion.PivotAnalysis.UWP.PivotItem">
      <RootProperty Name="FieldCaption" />
      <RootProperty Name="FieldMappingName" />
      <RootProperty Name="TotalHeader" />
      <RootProperty Name="FieldHeader" />
      <RootProperty Name="AllowFilter" />
      <RootProperty Name="AllowSort" />
    </RootType>
    <RootType FullName="Syncfusion.PivotAnalysis.UWP.PivotComputationInfo">
      <RootProperty Name="FieldCaption" />
      <RootProperty Name="FieldName" />
      <RootProperty Name="Format" />
      <RootProperty Name="SummaryType" />
      <RootProperty Name="CalculationName" />
      <RootProperty Name="Description" />
      <RootProperty Name="FieldHeader" />
      <RootProperty Name="PadString" />
    </RootType>
    <RootType FullName="BI.PivotGrid.Editing" />
    <RootType FullName="BI.PivotGrid.Localization" />
    <RootType FullName="BI.PivotGrid.Updating" />
    <RootType FullName="BI.PivotGrid.GettingStarted" />
    <RootType FullName="BI.PivotGrid.GridLayout" />
    <RootType FullName="BI.PivotGrid.Hyperlink" />
    <RootType FullName="BI.PivotGrid.KPI" />
    <RootType FullName="BI.PivotGrid.MemberProperties" />
    <RootType FullName="BI.PivotGrid.NamedSets" />
    <RootType FullName="BI.PivotGrid.Relational" />
    <RootType FullName="Windows.UI.Xaml.Controls.TextBox">
      <RootProperty Name="Margin" />
      <RootProperty Name="HorizontalAlignment" />
      <RootProperty Name="Width" />
    </RootType>
    <RootType FullName="BI.PivotGrid.Drill_Through" />
    <RootType FullName="Syncfusion.PivotAnalysis.UWP.FieldInfo">
      <RootProperty Name="Name" />
      <RootProperty Name="Expression" />
      <RootProperty Name="FieldType" />
    </RootType>
    <RootType FullName="BI.PivotGrid.ExpressionFields" />
    <RootType FullName="BI.PivotGrid.SummaryDisplay" />
    <RootType FullName="BI.PivotGrid.TotalsHiding" />
    <RootType FullName="BI.PivotGrid.UIThreading" />
    <RootType FullName="BI.PivotGrid.GroupingBar" />
    <RootType FullName="BI.PivotGrid.RowPivotsOnly" />
    <RootType FullName="BI.PivotGrid.Serialization" />
    <RootType FullName="BI.PivotGrid.StatePersistence" />
  </Roots.RootTypes>
</Roots>
