﻿<?xml version="1.0" encoding="utf-8"?>
<Roots >
  <Roots.Interfaces>
    <RootInterface FullName="Windows.UI.Xaml.Data.IValueConverter" />
  </Roots.Interfaces>
  <Roots.PropertyPathNames>
    <RootPropertyPathName Name="LabelContent" />
    <RootPropertyPathName Name="PMML" />
    <RootPropertyPathName Name="RCode" />
    <RootPropertyPathName Name="CSharpCode" />
    <RootPropertyPathName Name="PagedSource" />
    <RootPropertyPathName Name="RecommendedGroceries" />
    <RootPropertyPathName Name="PurchasedItems" />
    <RootPropertyPathName Name="IsBusy" />
    <RootPropertyPathName Name="ClusterInformation" />
    <RootPropertyPathName Name="GlassCollection" />
    <RootPropertyPathName Name="InputRecords" />
    <RootPropertyPathName Name="TitanicCollection" />
    <RootPropertyPathName Name="AccountsCollection" />
    <RootPropertyPathName Name="AccountsSelectedValue" />
    <RootPropertyPathName Name="EmploymentCollection" />
    <RootPropertyPathName Name="EmploymentSelectedValue" />
    <RootPropertyPathName Name="DeductionTextValue" />
    <RootPropertyPathName Name="EducationCollection" />
    <RootPropertyPathName Name="EducationSelectedValue" />
    <RootPropertyPathName Name="IncomeTextValue" />
    <RootPropertyPathName Name="MaritalCollection" />
    <RootPropertyPathName Name="MaritalSelectedValue" />
    <RootPropertyPathName Name="HoursTextValue" />
    <RootPropertyPathName Name="GenderCollection" />
    <RootPropertyPathName Name="GenderSelectedValue" />
    <RootPropertyPathName Name="OccupationCollection" />
    <RootPropertyPathName Name="OccupationSelectedValue" />
    <RootPropertyPathName Name="AgeTextValue" />
  </Roots.PropertyPathNames>
  <Roots.RootTypes>
    <RootType FullName="Windows.UI.Xaml.Application">
      <RootProperty Name="RequestedTheme" />
    </RootType>
    <RootType FullName="Windows.UI.Xaml.Controls.Page">
      <RootProperty Name="Content" />
      <RootProperty Name="DataContext" />
      <RootProperty Name="Resources" />
    </RootType>
    <RootType FullName="Windows.UI.Xaml.Controls.Grid">
      <RootProperty Name="Background" />
      <RootProperty Name="Resources" />
      <RootProperty Name="Children" />
      <RootProperty Name="RowDefinitions" />
      <RootProperty Name="ColumnDefinitions" />
      <RootProperty Name="Width" />
      <RootProperty Name="Margin" />
      <RootProperty Name="Name" />
      <RootProperty Name="Visibility" />
      <RootProperty Name="HorizontalAlignment" />
      <RootProperty Name="VerticalAlignment" />
      <RootEvent Name="LostFocus" />
      <RootMethod Name="GetRow" />
      <RootMethod Name="SetRow" />
      <RootMethod Name="GetColumn" />
      <RootMethod Name="SetColumn" />
      <RootMethod Name="GetRowSpan" />
      <RootMethod Name="SetRowSpan" />
      <RootMethod Name="GetColumnSpan" />
      <RootMethod Name="SetColumnSpan" />
    </RootType>
    <RootType FullName="Microsoft.Xaml.DirectUI.ProxyTypes.ThemeResourceExtension" />
    <RootType FullName="Syncfusion.SampleBrowser.UWP.PredictiveAnalytics.MainPage" />
    <RootType FullName="SampleBrowser.UWP.PredictiveAnalytics.ViewModel" />
    <RootType FullName="Windows.UI.Xaml.ResourceDictionary" />
    <RootType FullName="Windows.UI.Xaml.Media.SolidColorBrush">
      <RootProperty Name="Color" />
    </RootType>
    <RootType FullName="Syncfusion.UI.Xaml.Grid.GridCell" />
    <RootType FullName="Windows.UI.Xaml.Controls.Control">
      <RootProperty Name="Background" />
      <RootProperty Name="BorderBrush" />
      <RootProperty Name="BorderThickness" />
      <RootProperty Name="Padding" />
      <RootProperty Name="FontFamily" />
      <RootProperty Name="Foreground" />
      <RootProperty Name="FontSize" />
    </RootType>
    <RootType FullName="Windows.UI.Xaml.FrameworkElement">
      <RootProperty Name="Margin" />
    </RootType>
    <RootType FullName="Syncfusion.UI.Xaml.Converters.BooleanToVisibilityConverter" />
    <RootType FullName="SampleBrowser.UWP.PredictiveAnalytics.ColorConverter" />
    <RootType FullName="SampleBrowser.UWP.PredictiveAnalytics.TextConverter" />
    <RootType FullName="Windows.UI.Xaml.Setter">
      <RootProperty Name="Property" />
      <RootProperty Name="Value" />
    </RootType>
    <RootType FullName="Windows.UI.Xaml.DataTemplate">
      <RootProperty Name="Template" />
    </RootType>
    <RootType FullName="Windows.UI.Xaml.Controls.TextBlock">
      <RootProperty Name="Text" />
      <RootProperty Name="Margin" />
      <RootProperty Name="FontSize" />
      <RootProperty Name="FontStretch" />
      <RootProperty Name="Foreground" />
      <RootProperty Name="FontWeight" />
      <RootProperty Name="VerticalAlignment" />
      <RootProperty Name="HorizontalAlignment" />
      <RootProperty Name="Padding" />
      <RootProperty Name="Width" />
      <RootProperty Name="TextWrapping" />
      <RootProperty Name="Inlines" />
      <RootProperty Name="FontFamily" />
      <RootProperty Name="Height" />
      <RootProperty Name="TextTrimming" />
      <RootProperty Name="TextAlignment" />
      <RootProperty Name="Visibility" />
    </RootType>
    <RootType FullName="Windows.UI.Xaml.Data.Binding">
      <RootProperty Name="ElementName" />
      <RootProperty Name="Path" />
      <RootProperty Name="Converter" />
      <RootProperty Name="Mode" />
    </RootType>
    <RootType FullName="Syncfusion.UI.Xaml.Controls.Notification.SfBusyIndicator">
      <RootProperty Name="Name" />
      <RootProperty Name="Foreground" />
      <RootProperty Name="IsBusy" />
      <RootProperty Name="AnimationType" />
    </RootType>
    <RootType FullName="Windows.UI.Xaml.Controls.Canvas">
      <RootMethod Name="GetZIndex" />
      <RootMethod Name="SetZIndex" />
    </RootType>
    <RootType FullName="Syncfusion.UI.Xaml.Controls.Navigation.SfTabControl">
      <RootProperty Name="Name" />
      <RootProperty Name="CloseButtonType" />
      <RootProperty Name="SelectedIndex" />
      <RootProperty Name="FontFamily" />
      <RootProperty Name="Background" />
      <RootProperty Name="Items" />
      <RootEvent Name="SelectionChanged" />
    </RootType>
    <RootType FullName="Syncfusion.UI.Xaml.Controls.Navigation.SfTabItem">
      <RootProperty Name="Name" />
      <RootProperty Name="Header" />
      <RootProperty Name="FontSize" />
      <RootProperty Name="Content" />
      <RootProperty Name="FontFamily" />
      <RootEvent Name="PointerEntered" />
      <RootEvent Name="PointerExited" />
      <RootEvent Name="PointerPressed" />
      <RootEvent Name="PointerReleased" />
    </RootType>
    <RootType FullName="Windows.UI.Xaml.Controls.RowDefinition">
      <RootProperty Name="Height" />
    </RootType>
    <RootType FullName="Windows.UI.Xaml.Controls.ColumnDefinition">
      <RootProperty Name="Width" />
    </RootType>
    <RootType FullName="Windows.UI.Xaml.Controls.Border">
      <RootProperty Name="BorderThickness" />
      <RootProperty Name="Background" />
      <RootProperty Name="Child" />
      <RootProperty Name="HorizontalAlignment" />
      <RootProperty Name="Width" />
      <RootProperty Name="Margin" />
      <RootProperty Name="BorderBrush" />
      <RootProperty Name="VerticalAlignment" />
      <RootProperty Name="Height" />
      <RootProperty Name="CornerRadius" />
    </RootType>
    <RootType FullName="Windows.UI.Xaml.Controls.ScrollViewer">
      <RootProperty Name="VerticalScrollBarVisibility" />
      <RootProperty Name="HorizontalScrollBarVisibility" />
      <RootProperty Name="Content" />
      <RootProperty Name="Height" />
      <RootProperty Name="VerticalScrollMode" />
      <RootMethod Name="GetVerticalScrollMode" />
      <RootMethod Name="SetVerticalScrollMode" />
      <RootMethod Name="GetHorizontalScrollMode" />
      <RootMethod Name="SetHorizontalScrollMode" />
      <RootMethod Name="GetIsHorizontalRailEnabled" />
      <RootMethod Name="SetIsHorizontalRailEnabled" />
    </RootType>
    <RootType FullName="Windows.UI.Xaml.Controls.RichTextBlock">
      <RootProperty Name="FontFamily" />
      <RootProperty Name="FontSize" />
      <RootProperty Name="Padding" />
      <RootProperty Name="HorizontalAlignment" />
      <RootProperty Name="Foreground" />
    </RootType>
    <RootType FullName="SampleBrowser.UWP.PredictiveAnalytics.RichTextBlockHelper">
      <RootMethod Name="GetContent" />
      <RootMethod Name="SetContent" />
    </RootType>
    <RootType FullName="Syncfusion.UI.Xaml.Grid.SfDataGrid">
      <RootProperty Name="Name" />
      <RootProperty Name="Background" />
      <RootProperty Name="BorderBrush" />
      <RootProperty Name="AutoGenerateColumns" />
      <RootProperty Name="ColumnSizer" />
      <RootProperty Name="ShowRowHeader" />
      <RootProperty Name="ItemsSource" />
      <RootProperty Name="FontFamily" />
      <RootProperty Name="Padding" />
      <RootProperty Name="Margin" />
      <RootProperty Name="RowHeight" />
      <RootProperty Name="FontWeight" />
      <RootProperty Name="HeaderRowHeight" />
      <RootProperty Name="Width" />
    </RootType>
    <RootType FullName="Syncfusion.UI.Xaml.Controls.DataPager.SfDataPager">
      <RootProperty Name="AccentBackground" />
      <RootProperty Name="AccentForeground" />
      <RootProperty Name="NumericButtonCount" />
      <RootProperty Name="UseOnDemandPaging" />
      <RootProperty Name="PageSize" />
      <RootEvent Name="Loaded" />
      <RootEvent Name="OnDemandLoading" />
      <RootEvent Name="PageIndexChanged" />
    </RootType>
    <RootType FullName="Windows.UI.Xaml.Controls.StackPanel">
      <RootProperty Name="Margin" />
      <RootProperty Name="Orientation" />
      <RootProperty Name="Children" />
      <RootProperty Name="Background" />
      <RootProperty Name="HorizontalAlignment" />
      <RootProperty Name="Height" />
      <RootProperty Name="VerticalAlignment" />
      <RootProperty Name="Name" />
      <RootProperty Name="Width" />
    </RootType>
    <RootType FullName="Syncfusion.UI.Xaml.Charts.SfChart">
      <RootProperty Name="Width" />
      <RootProperty Name="HorizontalAlignment" />
      <RootProperty Name="FontSize" />
      <RootProperty Name="Margin" />
      <RootProperty Name="PrimaryAxis" />
      <RootProperty Name="SecondaryAxis" />
      <RootProperty Name="Series" />
      <RootProperty Name="AreaBorderThickness" />
      <RootProperty Name="Legend" />
      <RootProperty Name="Height" />
      <RootProperty Name="Behaviors" />
      <RootEvent Name="Loaded" />
    </RootType>
    <RootType FullName="Syncfusion.UI.Xaml.Charts.CategoryAxis">
      <RootProperty Name="Header" />
      <RootProperty Name="FontSize" />
      <RootProperty Name="Foreground" />
      <RootProperty Name="LabelTemplate" />
      <RootProperty Name="HeaderTemplate" />
    </RootType>
    <RootType FullName="Microsoft.Xaml.DirectUI.ProxyTypes.StaticResourceExtension">
      <RootProperty Name="ResourceKey" />
    </RootType>
    <RootType FullName="Syncfusion.UI.Xaml.Charts.NumericalAxis">
      <RootProperty Name="FontSize" />
      <RootProperty Name="Foreground" />
      <RootProperty Name="Minimum" />
      <RootProperty Name="Maximum" />
      <RootProperty Name="LabelTemplate" />
      <RootProperty Name="Header" />
      <RootProperty Name="RangePadding" />
      <RootProperty Name="HeaderTemplate" />
    </RootType>
    <RootType FullName="Syncfusion.UI.Xaml.Charts.StackingColumnSeries">
      <RootProperty Name="XBindingPath" />
      <RootProperty Name="Label" />
      <RootProperty Name="YBindingPath" />
      <RootProperty Name="Palette" />
      <RootProperty Name="ItemsSource" />
      <RootProperty Name="EnableAnimation" />
      <RootProperty Name="LegendIcon" />
      <RootProperty Name="GroupingLabel" />
      <RootEvent Name="Loaded" />
    </RootType>
    <RootType FullName="Windows.UI.Xaml.Controls.ToolTipService">
      <RootMethod Name="GetToolTip" />
      <RootMethod Name="SetToolTip" />
    </RootType>
    <RootType FullName="Windows.UI.Xaml.Controls.ComboBox">
      <RootProperty Name="Width" />
      <RootProperty Name="BorderBrush" />
      <RootProperty Name="ItemsSource" />
      <RootProperty Name="HorizontalAlignment" />
      <RootProperty Name="Margin" />
      <RootProperty Name="SelectedItem" />
      <RootProperty Name="Items" />
      <RootProperty Name="BorderThickness" />
      <RootProperty Name="VerticalAlignment" />
      <RootProperty Name="SelectedIndex" />
      <RootProperty Name="SelectedValue" />
      <RootProperty Name="Height" />
      <RootProperty Name="Background" />
    </RootType>
    <RootType FullName="SampleBrowser.UWP.PredictiveAnalytics.AssociationRules" />
    <RootType FullName="SampleBrowser.UWP.PredictiveAnalytics.LabelConverter" />
    <RootType FullName="Windows.UI.Xaml.Shapes.Rectangle">
      <RootProperty Name="Stroke" />
      <RootProperty Name="Fill" />
      <RootProperty Name="StrokeThickness" />
    </RootType>
    <RootType FullName="Syncfusion.UI.Xaml.Charts.ChartLegend">
      <RootProperty Name="Margin" />
      <RootProperty Name="CornerRadius" />
      <RootProperty Name="FontSize" />
      <RootProperty Name="DockPosition" />
      <RootProperty Name="BorderThickness" />
      <RootProperty Name="Foreground" />
      <RootProperty Name="FontFamily" />
    </RootType>
    <RootType FullName="Syncfusion.UI.Xaml.Charts.PieSeries">
      <RootProperty Name="ConnectorType" />
      <RootProperty Name="PieCoefficient" />
      <RootProperty Name="ExplodeRadius" />
      <RootProperty Name="EnableSmartLabels" />
      <RootProperty Name="LabelPosition" />
      <RootProperty Name="ItemsSource" />
      <RootProperty Name="XBindingPath" />
      <RootProperty Name="Label" />
      <RootProperty Name="YBindingPath" />
      <RootProperty Name="ShowTooltip" />
      <RootEvent Name="Loaded" />
    </RootType>
    <RootType FullName="Syncfusion.UI.Xaml.Charts.ChartTooltip">
      <RootMethod Name="GetEnableAnimation" />
      <RootMethod Name="SetEnableAnimation" />
    </RootType>
    <RootType FullName="SampleBrowser.UWP.PredictiveAnalytics.ClusteringModel" />
    <RootType FullName="Windows.UI.Xaml.Controls.ComboBoxItem">
      <RootProperty Name="Content" />
    </RootType>
    <RootType FullName="Windows.UI.Xaml.Controls.Button">
      <RootProperty Name="Background" />
      <RootProperty Name="HorizontalAlignment" />
      <RootProperty Name="Height" />
      <RootProperty Name="Margin" />
      <RootProperty Name="Width" />
      <RootProperty Name="Content" />
      <RootProperty Name="Foreground" />
      <RootProperty Name="Template" />
      <RootProperty Name="UseLayoutRounding" />
      <RootProperty Name="Opacity" />
      <RootProperty Name="VerticalAlignment" />
      <RootEvent Name="Click" />
    </RootType>
    <RootType FullName="Windows.UI.Xaml.Controls.Image">
      <RootProperty Name="Source" />
      <RootProperty Name="Height" />
      <RootProperty Name="RenderTransformOrigin" />
      <RootProperty Name="Margin" />
    </RootType>
    <RootType FullName="Windows.UI.Xaml.Controls.TextBox">
      <RootProperty Name="BorderThickness" />
      <RootProperty Name="InputScope" />
      <RootProperty Name="BorderBrush" />
      <RootProperty Name="TextWrapping" />
      <RootProperty Name="SelectedText" />
      <RootProperty Name="IsReadOnly" />
      <RootProperty Name="Height" />
      <RootProperty Name="HorizontalAlignment" />
      <RootProperty Name="Text" />
      <RootProperty Name="Margin" />
    </RootType>
    <RootType FullName="SampleBrowser.UWP.PredictiveAnalytics.Regression" />
    <RootType FullName="Syncfusion.UI.Xaml.Charts.ChartZoomPanBehavior" />
    <RootType FullName="SampleBrowser.UWP.PredictiveAnalytics.TreeModel" />
    <RootType FullName="SampleBrowser.UWP.PredictiveAnalytics.AuditDemoViewModel" />
    <RootType FullName="Windows.UI.Xaml.Controls.ControlTemplate">
      <RootProperty Name="TargetType" />
      <RootProperty Name="Template" />
    </RootType>
    <RootType FullName="Windows.UI.Xaml.VisualStateManager">
      <RootMethod Name="GetVisualStateGroups" />
    </RootType>
    <RootType FullName="Windows.UI.Xaml.VisualStateGroup">
      <RootProperty Name="Transitions" />
      <RootProperty Name="States" />
    </RootType>
    <RootType FullName="Windows.UI.Xaml.VisualTransition">
      <RootProperty Name="To" />
      <RootProperty Name="GeneratedDuration" />
    </RootType>
    <RootType FullName="Windows.UI.Xaml.VisualState">
      <RootProperty Name="Storyboard" />
    </RootType>
    <RootType FullName="Windows.UI.Xaml.Media.Animation.Storyboard">
      <RootProperty Name="Children" />
      <RootMethod Name="GetTargetName" />
      <RootMethod Name="SetTargetName" />
      <RootMethod Name="GetTargetProperty" />
      <RootMethod Name="SetTargetProperty" />
    </RootType>
    <RootType FullName="Windows.UI.Xaml.Media.Animation.ColorAnimation">
      <RootProperty Name="To" />
    </RootType>
    <RootType FullName="Windows.UI.Xaml.Documents.Run">
      <RootProperty Name="Text" />
    </RootType>
    <RootType FullName="SampleBrowser.UWP.PredictiveAnalytics.AuditDemo" />
  </Roots.RootTypes>
</Roots>
