﻿<?xml version="1.0" encoding="utf-8"?>
<Roots >
  <Roots.RootTypes>
    <RootType FullName="Common.SampleLayout">
      <RootProperty Name="Sample" />
    </RootType>
    <RootType FullName="Windows.UI.Xaml.Controls.ContentControl">
      <RootProperty Name="Content" />
    </RootType>
    <RootType FullName="Windows.UI.Xaml.Controls.Grid">
      <RootProperty Name="Background" />
      <RootProperty Name="Padding" />
      <RootProperty Name="RowDefinitions" />
      <RootProperty Name="ColumnDefinitions" />
      <RootProperty Name="Children" />
      <RootMethod Name="GetRow" />
      <RootMethod Name="SetRow" />
      <RootMethod Name="GetColumnSpan" />
      <RootMethod Name="SetColumnSpan" />
      <RootMethod Name="GetColumn" />
      <RootMethod Name="SetColumn" />
      <RootMethod Name="GetRowSpan" />
      <RootMethod Name="SetRowSpan" />
    </RootType>
    <RootType FullName="Microsoft.Xaml.DirectUI.ProxyTypes.StaticResourceExtension" />
    <RootType FullName="Windows.UI.Xaml.Controls.RowDefinition">
      <RootProperty Name="Height" />
    </RootType>
    <RootType FullName="Windows.UI.Xaml.Controls.ColumnDefinition">
      <RootProperty Name="Width" />
    </RootType>
    <RootType FullName="Windows.UI.Xaml.Controls.TextBlock">
      <RootProperty Name="FontFamily" />
      <RootProperty Name="FontSize" />
      <RootProperty Name="TextWrapping" />
      <RootProperty Name="Text" />
      <RootProperty Name="Foreground" />
      <RootProperty Name="VerticalAlignment" />
      <RootProperty Name="HorizontalAlignment" />
      <RootProperty Name="Height" />
      <RootProperty Name="Width" />
      <RootProperty Name="Visibility" />
      <RootProperty Name="Margin" />
    </RootType>
    <RootType FullName="Windows.UI.Xaml.Controls.Button">
      <RootProperty Name="Content" />
      <RootProperty Name="FontFamily" />
      <RootProperty Name="FontSize" />
      <RootProperty Name="Foreground" />
      <RootProperty Name="Background" />
      <RootProperty Name="Padding" />
      <RootProperty Name="Margin" />
      <RootProperty Name="IsEnabled" />
      <RootProperty Name="HorizontalAlignment" />
      <RootEvent Name="Click" />
    </RootType>
    <RootType FullName="EssentialPresentation.ChartsPresentation" />
    <RootType FullName="EssentialPresentation.GettingStartedPresentation" />
    <RootType FullName="EssentialPresentation.ImagesPresentation" />
    <RootType FullName="EssentialPresentation.SlideTransitionPresentation" />
    <RootType FullName="Windows.UI.Xaml.Controls.PasswordBox">
      <RootProperty Name="HorizontalAlignment" />
      <RootProperty Name="VerticalAlignment" />
      <RootProperty Name="Height" />
    </RootType>
    <RootType FullName="EssentialPresentation.WriteProtectionPresentation" />
    <RootType FullName="EssentialPresentation.CommentsPresentation" />
    <RootType FullName="EssentialPresentation.ConnectorsPresentation" />
    <RootType FullName="EssentialPresentation.HeaderFooterPresentation" />
    <RootType FullName="EssentialPresentation.SlidesPresentation" />
    <RootType FullName="EssentialPresentation.TablesPresentation" />
    <RootType FullName="Windows.UI.Xaml.Controls.ComboBox">
      <RootProperty Name="SelectedIndex" />
      <RootProperty Name="Margin" />
      <RootProperty Name="Foreground" />
      <RootProperty Name="Items" />
      <RootProperty Name="FontFamily" />
      <RootProperty Name="FontSize" />
      <RootEvent Name="SelectionChanged" />
    </RootType>
    <RootType FullName="Windows.UI.Xaml.Controls.TextBox">
      <RootProperty Name="Visibility" />
      <RootProperty Name="BorderThickness" />
      <RootProperty Name="Margin" />
    </RootType>
    <RootType FullName="Windows.UI.Xaml.Controls.StackPanel">
      <RootProperty Name="Name" />
      <RootProperty Name="Orientation" />
      <RootProperty Name="Children" />
    </RootType>
    <RootType FullName="Windows.UI.Xaml.Controls.CheckBox">
      <RootProperty Name="Content" />
      <RootProperty Name="Margin" />
      <RootProperty Name="Height" />
      <RootProperty Name="Width" />
    </RootType>
    <RootType FullName="Windows.UI.Xaml.Controls.ComboBoxItem">
      <RootProperty Name="Content" />
    </RootType>
    <RootType FullName="EssentialPresentation.FindAndReplaceDemo" />
    <RootType FullName="EssentialPresentation.PPTXToImagePresentation" />
    <RootType FullName="EssentialPresentation.CreateAnimationPresentation" />
    <RootType FullName="EssentialPresentation.ModifyAnimationPresentation" />
  </Roots.RootTypes>
</Roots>
