﻿<?xml version="1.0" encoding="utf-8"?>
<Roots >
  <Roots.PropertyPathNames>
    <RootPropertyPathName Name="Models" />
    <RootPropertyPathName Name="Data" />
    <RootPropertyPathName Name="Name" />
    <RootPropertyPathName Name="ElectionResults" />
    <RootPropertyPathName Name="DbfData" />
    <RootPropertyPathName Name="DBFData" />
  </Roots.PropertyPathNames>
  <Roots.RootTypes>
    <RootType FullName="Windows.UI.Xaml.Application">
      <RootProperty Name="RequestedTheme" />
    </RootType>
    <RootType FullName="Windows.UI.Xaml.Controls.Page">
      <RootProperty Name="Content" />
    </RootType>
    <RootType FullName="Windows.UI.Xaml.Controls.Grid">
      <RootProperty Name="Background" />
      <RootProperty Name="Children" />
      <RootProperty Name="DataContext" />
      <RootProperty Name="Width" />
      <RootProperty Name="Margin" />
      <RootProperty Name="RowDefinitions" />
      <RootProperty Name="ColumnDefinitions" />
      <RootProperty Name="Height" />
      <RootMethod Name="GetRowSpan" />
      <RootMethod Name="SetRowSpan" />
      <RootMethod Name="GetColumnSpan" />
      <RootMethod Name="SetColumnSpan" />
      <RootMethod Name="GetRow" />
      <RootMethod Name="SetRow" />
      <RootMethod Name="GetColumn" />
      <RootMethod Name="SetColumn" />
    </RootType>
    <RootType FullName="Microsoft.Xaml.DirectUI.ProxyTypes.ThemeResourceExtension" />
    <RootType FullName="Syncfusion.SampleBrowser.UWP.Maps.MainPage" />
    <RootType FullName="Windows.UI.Xaml.Controls.UserControl">
      <RootProperty Name="Resources" />
      <RootProperty Name="Content" />
    </RootType>
    <RootType FullName="MapControlUWP_Samples.MapViewModel" />
    <RootType FullName="Windows.UI.Xaml.DataTemplate">
      <RootProperty Name="Template" />
    </RootType>
    <RootType FullName="Windows.UI.Xaml.Controls.Canvas">
      <RootProperty Name="Margin" />
      <RootProperty Name="Children" />
    </RootType>
    <RootType FullName="Windows.UI.Xaml.Controls.Image">
      <RootProperty Name="Source" />
      <RootProperty Name="Height" />
    </RootType>
    <RootType FullName="Windows.UI.Xaml.Data.Binding">
      <RootProperty Name="Source" />
    </RootType>
    <RootType FullName="Microsoft.Xaml.DirectUI.ProxyTypes.StaticResourceExtension" />
    <RootType FullName="Syncfusion.UI.Xaml.Maps.SfMap">
      <RootProperty Name="MaxZoom" />
      <RootProperty Name="Header" />
      <RootProperty Name="Layers" />
      <RootProperty Name="Margin" />
      <RootProperty Name="EnableZoom" />
      <RootProperty Name="EnablePan" />
    </RootType>
    <RootType FullName="Windows.UI.Xaml.Controls.Primitives.ScrollBar">
      <RootProperty Name="VerticalAlignment" />
      <RootProperty Name="Visibility" />
      <RootProperty Name="Height" />
    </RootType>
    <RootType FullName="Windows.UI.Xaml.Controls.TextBlock">
      <RootProperty Name="Text" />
      <RootProperty Name="FontSize" />
      <RootProperty Name="Margin" />
      <RootProperty Name="FontFamily" />
      <RootProperty Name="Foreground" />
      <RootProperty Name="Width" />
      <RootProperty Name="HorizontalAlignment" />
      <RootProperty Name="VerticalAlignment" />
      <RootProperty Name="Opacity" />
      <RootProperty Name="IsHitTestVisible" />
      <RootProperty Name="FontWeight" />
    </RootType>
    <RootType FullName="Syncfusion.UI.Xaml.Maps.ShapeFileLayer">
      <RootProperty Name="Background" />
      <RootProperty Name="Markers" />
      <RootProperty Name="ShapeSettings" />
      <RootProperty Name="MarkerSettings" />
      <RootProperty Name="MarkerTemplate" />
      <RootProperty Name="EnableSelection" />
      <RootProperty Name="ItemsSource" />
      <RootProperty Name="MapItemsVisibility" />
      <RootProperty Name="ShapeIDPath" />
      <RootProperty Name="ShapeIDTableField" />
      <RootProperty Name="SelectionRectStroke" />
      <RootProperty Name="SelectionRectStrokeThickness" />
      <RootProperty Name="ItemsTemplate" />
      <RootProperty Name="IsTileMap" />
      <RootEvent Name="ShapesSelected" />
      <RootEvent Name="ShapesUnSelected" />
    </RootType>
    <RootType FullName="Syncfusion.UI.Xaml.Maps.ShapeSetting">
      <RootProperty Name="ShapeFill" />
      <RootProperty Name="ShapeValuePath" />
      <RootProperty Name="ShapeColorValuePath" />
      <RootProperty Name="ShapeStroke" />
      <RootProperty Name="ShapeStrokeThickness" />
      <RootProperty Name="SelectedShapeColor" />
      <RootProperty Name="FillSetting" />
    </RootType>
    <RootType FullName="Syncfusion.UI.Xaml.Maps.MarkerSetting">
      <RootProperty Name="VerticalAlignment" />
      <RootProperty Name="HorizontalAlignment" />
    </RootType>
    <RootType FullName="Windows.UI.Xaml.Controls.Border">
      <RootProperty Name="Padding" />
      <RootProperty Name="Width" />
      <RootProperty Name="Height" />
      <RootProperty Name="Background" />
      <RootProperty Name="Child" />
      <RootProperty Name="BorderThickness" />
      <RootProperty Name="BorderBrush" />
      <RootProperty Name="Visibility" />
    </RootType>
    <RootType FullName="MapControlUWP_Samples.DataMarkers" />
    <RootType FullName="Windows.UI.Xaml.Controls.RowDefinition">
      <RootProperty Name="Height" />
    </RootType>
    <RootType FullName="Windows.UI.Xaml.Controls.ColumnDefinition">
      <RootProperty Name="Width" />
    </RootType>
    <RootType FullName="Windows.UI.Xaml.Controls.StackPanel">
      <RootProperty Name="Margin" />
      <RootProperty Name="Height" />
      <RootProperty Name="Width" />
      <RootProperty Name="Children" />
      <RootProperty Name="Orientation" />
      <RootProperty Name="VerticalAlignment" />
      <RootProperty Name="HorizontalAlignment" />
    </RootType>
    <RootType FullName="Windows.UI.Xaml.Shapes.Rectangle">
      <RootProperty Name="Height" />
      <RootProperty Name="Width" />
      <RootProperty Name="Fill" />
      <RootProperty Name="HorizontalAlignment" />
      <RootProperty Name="VerticalAlignment" />
      <RootProperty Name="Margin" />
    </RootType>
    <RootType FullName="Syncfusion.UI.Xaml.Maps.ShapeFillSetting">
      <RootProperty Name="AutoFillColors" />
      <RootProperty Name="ColorMappings" />
    </RootType>
    <RootType FullName="Syncfusion.UI.Xaml.Maps.EqualsColorMapping">
      <RootProperty Name="Value" />
      <RootProperty Name="Color" />
    </RootType>
    <RootType FullName="MapControlUWP_Samples.ElectionResult" />
    <RootType FullName="MapControlUWP_Samples.ElectionResultMobile" />
  </Roots.RootTypes>
</Roots>
