﻿<?xml version="1.0" encoding="utf-8"?>
<Roots >
  <Roots.Interfaces>
    <RootInterface FullName="Windows.UI.Xaml.Data.IValueConverter" />
  </Roots.Interfaces>
  <Roots.PropertyPathNames>
    <RootPropertyPathName Name="Image" />
    <RootPropertyPathName Name="Description" />
    <RootPropertyPathName Name="Title" />
    <RootPropertyPathName Name="Subtitle" />
    <RootPropertyPathName Name="Header" />
    <RootPropertyPathName Name="Group" />
    <RootPropertyPathName Name="Key" />
    <RootPropertyPathName Name="Foreground" />
    <RootPropertyPathName Name="ItemText" />
    <RootPropertyPathName Name="SNo" />
    <RootPropertyPathName Name="DocumentTitle" />
    <RootPropertyPathName Name="PrintDocumentCommand" />
    <RootPropertyPathName Name="RedoCommand" />
    <RootPropertyPathName Name="UndoCommand" />
    <RootPropertyPathName Name="NewDocumentCommand" />
    <RootPropertyPathName Name="ShowCommentsCommand" />
    <RootPropertyPathName Name="NextCommentCommand" />
    <RootPropertyPathName Name="PreviousCommentCommand" />
    <RootPropertyPathName Name="DeleteCommentCommand" />
    <RootPropertyPathName Name="NewCommentCommand" />
    <RootPropertyPathName Name="LayoutTypeCommand" />
    <RootPropertyPathName Name="ShowHyperlinkDialogCommand" />
    <RootPropertyPathName Name="InsertPictureCommand" />
    <RootPropertyPathName Name="InsertBreakCommand" />
    <RootPropertyPathName Name="ShowOptionsPaneCommand" />
    <RootPropertyPathName Name="Selection" />
    <RootPropertyPathName Name="ParagraphFormat" />
    <RootPropertyPathName Name="Bidi" />
    <RootPropertyPathName Name="TextAlignment" />
    <RootPropertyPathName Name="CharacterFormat" />
    <RootPropertyPathName Name="FontColor" />
    <RootPropertyPathName Name="Underline" />
    <RootPropertyPathName Name="Italic" />
    <RootPropertyPathName Name="Bold" />
    <RootPropertyPathName Name="FontSize" />
    <RootPropertyPathName Name="FontNames" />
    <RootPropertyPathName Name="FontFamily" />
    <RootPropertyPathName Name="PasteCommand" />
    <RootPropertyPathName Name="CopyCommand" />
    <RootPropertyPathName Name="CutCommand" />
  </Roots.PropertyPathNames>
  <Roots.RootTypes>
    <RootType FullName="Windows.UI.Xaml.Application">
      <RootProperty Name="RequestedTheme" />
    </RootType>
    <RootType FullName="Windows.UI.Xaml.ResourceDictionary">
      <RootProperty Name="ThemeDictionaries" />
    </RootType>
    <RootType FullName="System.String" />
    <RootType FullName="Windows.UI.Xaml.Media.SolidColorBrush">
      <RootProperty Name="Color" />
    </RootType>
    <RootType FullName="Windows.UI.Color" />
    <RootType FullName="Windows.UI.Xaml.Controls.Button">
      <RootProperty Name="Content" />
      <RootProperty Name="Margin" />
      <RootProperty Name="FontSize" />
      <RootProperty Name="BorderBrush" />
      <RootProperty Name="Foreground" />
      <RootEvent Name="Click" />
    </RootType>
    <RootType FullName="Windows.UI.Xaml.FrameworkElement">
      <RootProperty Name="MinWidth" />
      <RootProperty Name="Height" />
      <RootProperty Name="Margin" />
      <RootProperty Name="VerticalAlignment" />
      <RootProperty Name="MinHeight" />
      <RootProperty Name="Width" />
    </RootType>
    <RootType FullName="Windows.UI.Xaml.Controls.Control">
      <RootProperty Name="FontFamily" />
      <RootProperty Name="FontWeight" />
      <RootProperty Name="FontSize" />
      <RootProperty Name="Template" />
      <RootProperty Name="Foreground" />
      <RootProperty Name="BorderBrush" />
      <RootProperty Name="Padding" />
      <RootProperty Name="IsTabStop" />
      <RootProperty Name="TabNavigation" />
      <RootProperty Name="BorderThickness" />
      <RootProperty Name="Background" />
      <RootProperty Name="HorizontalContentAlignment" />
    </RootType>
    <RootType FullName="Windows.UI.Xaml.Automation.AutomationProperties">
      <RootMethod Name="GetAutomationId" />
      <RootMethod Name="SetAutomationId" />
      <RootMethod Name="GetName" />
      <RootMethod Name="SetName" />
      <RootMethod Name="GetItemType" />
      <RootMethod Name="SetItemType" />
    </RootType>
    <RootType FullName="Windows.UI.Xaml.Controls.RichTextBlock">
      <RootProperty Name="Foreground" />
      <RootProperty Name="FontSize" />
      <RootProperty Name="FontFamily" />
      <RootProperty Name="TextTrimming" />
      <RootProperty Name="TextWrapping" />
      <RootProperty Name="LineHeight" />
      <RootProperty Name="LineStackingStrategy" />
      <RootProperty Name="FontWeight" />
    </RootType>
    <RootType FullName="Windows.UI.Xaml.Documents.Typography">
      <RootMethod Name="GetStylisticSet20" />
      <RootMethod Name="SetStylisticSet20" />
      <RootMethod Name="GetDiscretionaryLigatures" />
      <RootMethod Name="SetDiscretionaryLigatures" />
      <RootMethod Name="GetCaseSensitiveForms" />
      <RootMethod Name="SetCaseSensitiveForms" />
    </RootType>
    <RootType FullName="Windows.UI.Xaml.UIElement">
      <RootProperty Name="RenderTransform" />
      <RootProperty Name="IsHoldingEnabled" />
    </RootType>
    <RootType FullName="Windows.UI.Xaml.Controls.TextBlock">
      <RootProperty Name="Foreground" />
      <RootProperty Name="FontSize" />
      <RootProperty Name="FontFamily" />
      <RootProperty Name="TextTrimming" />
      <RootProperty Name="TextWrapping" />
      <RootProperty Name="LineHeight" />
      <RootProperty Name="LineStackingStrategy" />
      <RootProperty Name="FontWeight" />
      <RootProperty Name="Text" />
      <RootProperty Name="Style" />
      <RootProperty Name="MaxHeight" />
      <RootProperty Name="Height" />
      <RootProperty Name="Margin" />
      <RootProperty Name="Opacity" />
      <RootProperty Name="TextAlignment" />
      <RootProperty Name="Width" />
      <RootProperty Name="VerticalAlignment" />
      <RootProperty Name="HorizontalAlignment" />
    </RootType>
    <RootType FullName="Windows.UI.Xaml.Controls.Primitives.ButtonBase" />
    <RootType FullName="Windows.UI.Xaml.Controls.RadioButton" />
    <RootType FullName="Windows.UI.Xaml.Controls.ContentControl">
      <RootProperty Name="Content" />
    </RootType>
    <RootType FullName="Windows.UI.Xaml.DataTemplate">
      <RootProperty Name="Template" />
    </RootType>
    <RootType FullName="Windows.UI.Xaml.Controls.ScrollViewer">
      <RootProperty Name="HorizontalScrollBarVisibility" />
      <RootProperty Name="VerticalScrollBarVisibility" />
      <RootProperty Name="HorizontalScrollMode" />
      <RootProperty Name="VerticalScrollMode" />
      <RootProperty Name="ZoomMode" />
      <RootProperty Name="BringIntoViewOnFocusChange" />
      <RootProperty Name="IsHorizontalRailEnabled" />
      <RootProperty Name="IsHorizontalScrollChainingEnabled" />
      <RootProperty Name="IsVerticalScrollChainingEnabled" />
      <RootProperty Name="IsVerticalRailEnabled" />
      <RootProperty Name="IsDeferredScrollingEnabled" />
      <RootProperty Name="TabNavigation" />
      <RootProperty Name="Content" />
      <RootMethod Name="GetHorizontalScrollBarVisibility" />
      <RootMethod Name="SetHorizontalScrollBarVisibility" />
      <RootMethod Name="GetVerticalScrollBarVisibility" />
      <RootMethod Name="SetVerticalScrollBarVisibility" />
      <RootMethod Name="GetHorizontalScrollMode" />
      <RootMethod Name="SetHorizontalScrollMode" />
      <RootMethod Name="GetIsHorizontalRailEnabled" />
      <RootMethod Name="SetIsHorizontalRailEnabled" />
      <RootMethod Name="GetVerticalScrollMode" />
      <RootMethod Name="SetVerticalScrollMode" />
      <RootMethod Name="GetIsVerticalRailEnabled" />
      <RootMethod Name="SetIsVerticalRailEnabled" />
      <RootMethod Name="GetZoomMode" />
      <RootMethod Name="SetZoomMode" />
      <RootMethod Name="GetIsDeferredScrollingEnabled" />
      <RootMethod Name="SetIsDeferredScrollingEnabled" />
      <RootMethod Name="GetBringIntoViewOnFocusChange" />
      <RootMethod Name="SetBringIntoViewOnFocusChange" />
    </RootType>
    <RootType FullName="Windows.UI.Xaml.Controls.Panel">
      <RootProperty Name="Background" />
      <RootProperty Name="ChildrenTransitions" />
    </RootType>
    <RootType FullName="Windows.UI.Xaml.Setter">
      <RootProperty Name="Property" />
      <RootProperty Name="Value" />
    </RootType>
    <RootType FullName="Windows.UI.Xaml.Media.Animation.TransitionCollection" />
    <RootType FullName="Windows.UI.Xaml.Media.Animation.EntranceThemeTransition">
      <RootProperty Name="IsStaggeringEnabled" />
    </RootType>
    <RootType FullName="Microsoft.Xaml.DirectUI.ProxyTypes.StaticResourceExtension" />
    <RootType FullName="Windows.UI.Xaml.Controls.Grid">
      <RootProperty Name="Children" />
      <RootProperty Name="Background" />
      <RootProperty Name="ColumnDefinitions" />
      <RootProperty Name="Margin" />
      <RootProperty Name="Width" />
      <RootProperty Name="Height" />
      <RootProperty Name="HorizontalAlignment" />
      <RootProperty Name="RenderTransformOrigin" />
      <RootProperty Name="RenderTransform" />
      <RootProperty Name="RowDefinitions" />
      <RootProperty Name="Name" />
      <RootProperty Name="Visibility" />
      <RootProperty Name="Resources" />
      <RootMethod Name="GetColumn" />
      <RootMethod Name="SetColumn" />
      <RootMethod Name="GetColumnSpan" />
      <RootMethod Name="SetColumnSpan" />
      <RootMethod Name="GetRow" />
      <RootMethod Name="SetRow" />
    </RootType>
    <RootType FullName="Windows.UI.Xaml.Controls.ToolTipService">
      <RootMethod Name="GetPlacement" />
      <RootMethod Name="SetPlacement" />
      <RootMethod Name="GetToolTip" />
      <RootMethod Name="SetToolTip" />
    </RootType>
    <RootType FullName="Windows.UI.Xaml.Controls.Image">
      <RootProperty Name="Source" />
      <RootProperty Name="Width" />
      <RootProperty Name="Height" />
      <RootProperty Name="HorizontalAlignment" />
      <RootProperty Name="VerticalAlignment" />
      <RootProperty Name="Stretch" />
      <RootProperty Name="Margin" />
    </RootType>
    <RootType FullName="Windows.UI.Xaml.Data.Binding">
      <RootProperty Name="ElementName" />
      <RootProperty Name="Path" />
      <RootProperty Name="Mode" />
      <RootProperty Name="Converter" />
      <RootProperty Name="ConverterParameter" />
    </RootType>
    <RootType FullName="Windows.UI.Xaml.Controls.ToolTip">
      <RootProperty Name="Style" />
      <RootProperty Name="Content" />
    </RootType>
    <RootType FullName="Windows.UI.Xaml.Controls.ColumnDefinition">
      <RootProperty Name="Width" />
    </RootType>
    <RootType FullName="Windows.UI.Xaml.Controls.StackPanel">
      <RootProperty Name="Width" />
      <RootProperty Name="Margin" />
      <RootProperty Name="Children" />
      <RootProperty Name="VerticalAlignment" />
      <RootProperty Name="Background" />
      <RootProperty Name="Height" />
      <RootProperty Name="HorizontalAlignment" />
      <RootProperty Name="Orientation" />
      <RootProperty Name="Resources" />
    </RootType>
    <RootType FullName="Windows.UI.Xaml.Controls.Border">
      <RootProperty Name="Background" />
      <RootProperty Name="Margin" />
      <RootProperty Name="Width" />
      <RootProperty Name="Height" />
      <RootProperty Name="Child" />
      <RootProperty Name="BorderBrush" />
      <RootProperty Name="BorderThickness" />
    </RootType>
    <RootType FullName="Windows.UI.Xaml.Controls.ControlTemplate">
      <RootProperty Name="TargetType" />
      <RootProperty Name="Template" />
    </RootType>
    <RootType FullName="Windows.UI.Xaml.VisualStateManager">
      <RootMethod Name="GetVisualStateGroups" />
    </RootType>
    <RootType FullName="Windows.UI.Xaml.Shapes.Rectangle">
      <RootProperty Name="IsHitTestVisible" />
      <RootProperty Name="Stroke" />
      <RootProperty Name="StrokeEndLineCap" />
      <RootProperty Name="StrokeDashArray" />
      <RootProperty Name="Opacity" />
      <RootProperty Name="StrokeDashOffset" />
      <RootProperty Name="StrokeThickness" />
      <RootProperty Name="Height" />
      <RootProperty Name="Width" />
      <RootProperty Name="Fill" />
      <RootProperty Name="RenderTransform" />
    </RootType>
    <RootType FullName="Windows.UI.Xaml.VisualStateGroup">
      <RootProperty Name="States" />
    </RootType>
    <RootType FullName="Windows.UI.Xaml.VisualState">
      <RootProperty Name="Storyboard" />
    </RootType>
    <RootType FullName="Windows.UI.Xaml.Media.Animation.Storyboard">
      <RootProperty Name="Children" />
      <RootMethod Name="GetTargetName" />
      <RootMethod Name="SetTargetName" />
      <RootMethod Name="GetTargetProperty" />
      <RootMethod Name="SetTargetProperty" />
    </RootType>
    <RootType FullName="Windows.UI.Xaml.Media.Animation.DoubleAnimation">
      <RootProperty Name="To" />
      <RootProperty Name="Duration" />
    </RootType>
    <RootType FullName="Windows.UI.Xaml.Media.Animation.ObjectAnimationUsingKeyFrames">
      <RootProperty Name="KeyFrames" />
    </RootType>
    <RootType FullName="Windows.UI.Xaml.Media.Animation.DiscreteObjectKeyFrame">
      <RootProperty Name="KeyTime" />
      <RootProperty Name="Value" />
    </RootType>
    <RootType FullName="Microsoft.Xaml.DirectUI.ProxyTypes.TemplateBindingExtension" />
    <RootType FullName="Windows.UI.Xaml.Controls.ContentPresenter">
      <RootProperty Name="HorizontalAlignment" />
      <RootProperty Name="Margin" />
      <RootProperty Name="VerticalAlignment" />
      <RootProperty Name="Foreground" />
      <RootProperty Name="Content" />
      <RootProperty Name="ContentTransitions" />
      <RootProperty Name="ContentTemplate" />
    </RootType>
    <RootType FullName="Windows.UI.Xaml.Media.TranslateTransform">
      <RootProperty Name="X" />
      <RootProperty Name="Y" />
    </RootType>
    <RootType FullName="Windows.UI.Xaml.Media.ScaleTransform">
      <RootProperty Name="ScaleX" />
    </RootType>
    <RootType FullName="Windows.UI.Xaml.Controls.UserControl">
      <RootProperty Name="Width" />
      <RootProperty Name="Height" />
      <RootProperty Name="Resources" />
      <RootProperty Name="Content" />
    </RootType>
    <RootType FullName="Windows.UI.Xaml.Controls.GridView">
      <RootProperty Name="Padding" />
      <RootProperty Name="Background" />
      <RootProperty Name="Style" />
      <RootProperty Name="ItemContainerStyle" />
      <RootProperty Name="Items" />
    </RootType>
    <RootType FullName="Windows.UI.Xaml.Controls.ListViewBase">
      <RootProperty Name="IsSwipeEnabled" />
    </RootType>
    <RootType FullName="Windows.UI.Xaml.Controls.ItemsControl">
      <RootProperty Name="ItemContainerTransitions" />
      <RootProperty Name="ItemsPanel" />
    </RootType>
    <RootType FullName="Windows.UI.Xaml.Controls.GridViewItem" />
    <RootType FullName="Windows.UI.Xaml.Controls.ItemsPresenter">
      <RootProperty Name="HeaderTemplate" />
      <RootProperty Name="Header" />
      <RootProperty Name="HeaderTransitions" />
      <RootProperty Name="Padding" />
    </RootType>
    <RootType FullName="Windows.UI.Xaml.Controls.ItemsPanelTemplate">
      <RootProperty Name="Template" />
    </RootType>
    <RootType FullName="Windows.UI.Xaml.Controls.VariableSizedWrapGrid">
      <RootProperty Name="Orientation" />
      <RootProperty Name="MaximumRowsOrColumns" />
    </RootType>
    <RootType FullName="Windows.UI.Xaml.Media.Animation.AddDeleteThemeTransition" />
    <RootType FullName="Windows.UI.Xaml.Media.Animation.ContentThemeTransition" />
    <RootType FullName="Windows.UI.Xaml.Media.Animation.ReorderThemeTransition" />
    <RootType FullName="Windows.UI.Xaml.Media.RotateTransform">
      <RootProperty Name="Angle" />
      <RootProperty Name="CenterY" />
      <RootProperty Name="CenterX" />
    </RootType>
    <RootType FullName="RTEDemo.HighlightColorPicker">
      <RootProperty Name="IsTabStop" />
      <RootProperty Name="HorizontalAlignment" />
    </RootType>
    <RootType FullName="Windows.UI.Xaml.Controls.Page">
      <RootProperty Name="Resources" />
      <RootProperty Name="Content" />
      <RootProperty Name="Margin" />
    </RootType>
    <RootType FullName="Windows.UI.Xaml.Controls.RowDefinition">
      <RootProperty Name="Height" />
    </RootType>
    <RootType FullName="Windows.UI.Xaml.Shapes.Ellipse">
      <RootProperty Name="Name" />
      <RootProperty Name="Height" />
      <RootProperty Name="Opacity" />
      <RootProperty Name="Width" />
      <RootProperty Name="Fill" />
      <RootProperty Name="Visibility" />
      <RootProperty Name="StrokeThickness" />
      <RootProperty Name="Stroke" />
    </RootType>
    <RootType FullName="Windows.UI.Xaml.Shapes.Path">
      <RootProperty Name="Height" />
      <RootProperty Name="Stretch" />
      <RootProperty Name="Width" />
      <RootProperty Name="Fill" />
      <RootProperty Name="Data" />
    </RootType>
    <RootType FullName="Syncfusion.UI.Xaml.RichTextBoxAdv.UnderlineToggleConverter" />
    <RootType FullName="Syncfusion.UI.Xaml.RichTextBoxAdv.LeftAlignmentToggleConverter" />
    <RootType FullName="Syncfusion.UI.Xaml.RichTextBoxAdv.RightAlignmentToggleConverter" />
    <RootType FullName="Syncfusion.UI.Xaml.RichTextBoxAdv.CenterAlignmentToggleConverter" />
    <RootType FullName="Syncfusion.UI.Xaml.RichTextBoxAdv.JustifyAlignmentToggleConverter" />
    <RootType FullName="Syncfusion.UI.Xaml.RichTextBoxAdv.FontFamilyStringConverter" />
    <RootType FullName="RTEDemo.DoubleStringConverter" />
    <RootType FullName="RTEDemo.InverseBooleanConverter" />
    <RootType FullName="System.Boolean" />
    <RootType FullName="Syncfusion.UI.Xaml.Controls.SfRibbon.SfRibbonPage">
      <RootProperty Name="Content" />
    </RootType>
    <RootType FullName="Syncfusion.UI.Xaml.Controls.SfRibbon.SfRibbon">
      <RootProperty Name="Height" />
      <RootProperty Name="Background" />
      <RootProperty Name="BackStageHeader" />
      <RootProperty Name="TitleAlignment" />
      <RootProperty Name="QATVisibility" />
      <RootProperty Name="TabPanelVisibility" />
      <RootProperty Name="Title" />
      <RootProperty Name="BackStage" />
      <RootProperty Name="QuickAccessToolBar" />
      <RootProperty Name="Items" />
      <RootProperty Name="IsTabStop" />
      <RootProperty Name="Margin" />
      <RootProperty Name="Content" />
    </RootType>
    <RootType FullName="Windows.UI.Xaml.Controls.ProgressBar">
      <RootProperty Name="Visibility" />
      <RootProperty Name="IsIndeterminate" />
      <RootProperty Name="Foreground" />
      <RootProperty Name="VerticalAlignment" />
    </RootType>
    <RootType FullName="Syncfusion.UI.Xaml.RichTextBoxAdv.SfRichTextBoxAdv">
      <RootProperty Name="ManipulationMode" />
      <RootProperty Name="IsZoomEnabled" />
      <RootProperty Name="Width" />
      <RootProperty Name="Height" />
      <RootProperty Name="FontSize" />
      <RootProperty Name="FontFamily" />
      <RootProperty Name="Background" />
      <RootProperty Name="IsDoubleTapEnabled" />
      <RootProperty Name="EnableRadialMenu" />
      <RootProperty Name="AcceptsTab" />
      <RootProperty Name="IsReadOnly" />
    </RootType>
    <RootType FullName="Syncfusion.UI.Xaml.Controls.SfRibbon.SfBackstage">
      <RootProperty Name="Items" />
    </RootType>
    <RootType FullName="Syncfusion.UI.Xaml.Controls.SfRibbon.SfBackStageButton">
      <RootProperty Name="Label" />
      <RootProperty Name="Icon" />
      <RootProperty Name="Command" />
      <RootEvent Name="Click" />
    </RootType>
    <RootType FullName="Syncfusion.UI.Xaml.Controls.SfRibbon.QuickAccessToolBar">
      <RootProperty Name="DisplayItemsCount" />
      <RootProperty Name="Items" />
    </RootType>
    <RootType FullName="Syncfusion.UI.Xaml.Controls.SfRibbon.SfRibbonButton">
      <RootProperty Name="Height" />
      <RootProperty Name="FontIcon" />
      <RootProperty Name="FontIconFontFamily" />
      <RootProperty Name="BorderBrush" />
      <RootProperty Name="Command" />
      <RootProperty Name="ToolTip" />
      <RootProperty Name="Icon" />
      <RootProperty Name="Label" />
      <RootProperty Name="SizeMode" />
      <RootProperty Name="CommandParameter" />
      <RootProperty Name="Margin" />
      <RootProperty Name="Foreground" />
      <RootProperty Name="IsTabStop" />
      <RootEvent Name="Click" />
    </RootType>
    <RootType FullName="Syncfusion.UI.Xaml.Controls.SfRibbon.RibbonCommandManager">
      <RootMethod Name="GetSynchronizedItem" />
      <RootMethod Name="SetSynchronizedItem" />
    </RootType>
    <RootType FullName="Syncfusion.UI.Xaml.Controls.SfRibbon.SfRibbonTab">
      <RootProperty Name="Caption" />
      <RootProperty Name="Background" />
      <RootProperty Name="FontSize" />
      <RootProperty Name="Items" />
      <RootProperty Name="SelectedForeground" />
      <RootProperty Name="Header" />
    </RootType>
    <RootType FullName="Syncfusion.UI.Xaml.Controls.SfRibbon.SfRibbonBar">
      <RootProperty Name="Header" />
      <RootProperty Name="SeparatorBrush" />
      <RootProperty Name="Background" />
      <RootProperty Name="Items" />
    </RootType>
    <RootType FullName="Syncfusion.UI.Xaml.RichTextBoxAdv.LayoutType" />
    <RootType FullName="Syncfusion.UI.Xaml.Controls.SfRibbon.SfDropDownButton">
      <RootProperty Name="Label" />
      <RootProperty Name="SizeMode" />
      <RootProperty Name="Icon" />
      <RootProperty Name="ToolTip" />
      <RootProperty Name="Items" />
      <RootProperty Name="IsTabStop" />
      <RootProperty Name="Margin" />
    </RootType>
    <RootType FullName="Windows.UI.Xaml.Controls.TextBox">
      <RootProperty Name="Text" />
      <RootProperty Name="IsTabStop" />
      <RootProperty Name="IsReadOnly" />
      <RootProperty Name="FontSize" />
      <RootProperty Name="Padding" />
      <RootProperty Name="Height" />
      <RootProperty Name="MinHeight" />
      <RootProperty Name="Width" />
      <RootProperty Name="MinWidth" />
      <RootProperty Name="Background" />
      <RootProperty Name="Margin" />
      <RootProperty Name="BorderBrush" />
      <RootProperty Name="BorderThickness" />
    </RootType>
    <RootType FullName="Syncfusion.UI.Xaml.Controls.SfRibbon.SfRibbonToggleButton">
      <RootProperty Name="IsTabStop" />
      <RootProperty Name="Margin" />
      <RootProperty Name="SizeMode" />
      <RootProperty Name="Icon" />
      <RootProperty Name="IsChecked" />
      <RootProperty Name="ToolTip" />
    </RootType>
    <RootType FullName="Syncfusion.UI.Xaml.Controls.Media.SfColorPicker">
      <RootProperty Name="SelectedColor" />
      <RootProperty Name="Background" />
      <RootProperty Name="Foreground" />
    </RootType>
    <RootType FullName="Windows.UI.Xaml.Controls.Canvas">
      <RootMethod Name="GetZIndex" />
      <RootMethod Name="SetZIndex" />
    </RootType>
    <RootType FullName="Syncfusion.UI.Xaml.Controls.SfRibbon.SfRibbonComboBox">
      <RootProperty Name="IsTabStop" />
      <RootProperty Name="Height" />
      <RootProperty Name="Width" />
      <RootProperty Name="Background" />
      <RootProperty Name="Foreground" />
      <RootProperty Name="Margin" />
      <RootProperty Name="SelectedValue" />
      <RootProperty Name="ToolTip" />
      <RootProperty Name="Items" />
      <RootProperty Name="ItemsSource" />
    </RootType>
    <RootType FullName="System.Double" />
    <RootType FullName="RTEDemo.DocumentEditor" />
    <RootType FullName="Windows.UI.Xaml.Controls.ListBoxItem" />
  </Roots.RootTypes>
</Roots>
