﻿<?xml version="1.0" encoding="utf-8"?>
<Roots >
  <Roots.PropertyPathNames>
    <RootPropertyPathName Name="CellValue" />
  </Roots.PropertyPathNames>
  <Roots.RootTypes>
    <RootType FullName="Windows.UI.Xaml.Application">
      <RootProperty Name="RequestedTheme" />
    </RootType>
    <RootType FullName="Windows.UI.Xaml.Controls.Page">
      <RootProperty Name="Resources" />
      <RootProperty Name="Content" />
    </RootType>
    <RootType FullName="Windows.UI.Xaml.Controls.Button">
      <RootProperty Name="Content" />
      <RootProperty Name="HorizontalAlignment" />
      <RootProperty Name="VerticalAlignment" />
      <RootProperty Name="Margin" />
      <RootProperty Name="Width" />
      <RootProperty Name="RenderTransformOrigin" />
      <RootProperty Name="Height" />
      <RootProperty Name="BorderBrush" />
      <RootProperty Name="Tag" />
      <RootProperty Name="Padding" />
      <RootProperty Name="FontSize" />
      <RootEvent Name="Click" />
    </RootType>
    <RootType FullName="Windows.UI.Xaml.Controls.Control">
      <RootProperty Name="Foreground" />
      <RootProperty Name="Background" />
      <RootProperty Name="BorderBrush" />
      <RootProperty Name="BorderThickness" />
      <RootProperty Name="Padding" />
      <RootProperty Name="HorizontalContentAlignment" />
      <RootProperty Name="FontFamily" />
      <RootProperty Name="FontWeight" />
      <RootProperty Name="FontSize" />
      <RootProperty Name="UseSystemFocusVisuals" />
      <RootProperty Name="Template" />
    </RootType>
    <RootType FullName="Windows.UI.Xaml.Setter">
      <RootProperty Name="Property" />
      <RootProperty Name="Value" />
    </RootType>
    <RootType FullName="Windows.UI.Xaml.Controls.Grid">
      <RootProperty Name="Background" />
      <RootProperty Name="RowDefinitions" />
      <RootProperty Name="Children" />
      <RootProperty Name="Margin" />
      <RootProperty Name="ColumnDefinitions" />
      <RootProperty Name="Resources" />
      <RootProperty Name="Width" />
      <RootProperty Name="Height" />
      <RootProperty Name="RenderTransformOrigin" />
      <RootProperty Name="RenderTransform" />
      <RootMethod Name="GetRow" />
      <RootMethod Name="SetRow" />
      <RootMethod Name="GetRowSpan" />
      <RootMethod Name="SetRowSpan" />
      <RootMethod Name="GetColumn" />
      <RootMethod Name="SetColumn" />
      <RootMethod Name="GetColumnSpan" />
      <RootMethod Name="SetColumnSpan" />
    </RootType>
    <RootType FullName="Windows.UI.Xaml.Media.SolidColorBrush">
      <RootProperty Name="Opacity" />
      <RootProperty Name="Color" />
    </RootType>
    <RootType FullName="Windows.UI.Xaml.Controls.RowDefinition">
      <RootProperty Name="Height" />
    </RootType>
    <RootType FullName="Windows.UI.Xaml.Controls.Viewbox">
      <RootProperty Name="Margin" />
      <RootProperty Name="Child" />
      <RootProperty Name="Width" />
      <RootProperty Name="Height" />
    </RootType>
    <RootType FullName="Windows.UI.Xaml.Controls.TextBlock">
      <RootProperty Name="FontSize" />
      <RootProperty Name="FontWeight" />
      <RootProperty Name="Margin" />
      <RootProperty Name="HorizontalAlignment" />
      <RootProperty Name="FontFamily" />
      <RootProperty Name="Text" />
      <RootProperty Name="Width" />
      <RootProperty Name="Height" />
      <RootProperty Name="Foreground" />
      <RootProperty Name="Visibility" />
      <RootProperty Name="VerticalAlignment" />
      <RootProperty Name="TextAlignment" />
    </RootType>
    <RootType FullName="Windows.UI.Xaml.Controls.ColumnDefinition">
      <RootProperty Name="Width" />
    </RootType>
    <RootType FullName="Windows.UI.Xaml.Controls.TextBox">
      <RootProperty Name="Width" />
      <RootProperty Name="Height" />
      <RootProperty Name="Margin" />
      <RootProperty Name="HorizontalAlignment" />
      <RootProperty Name="VerticalAlignment" />
      <RootProperty Name="FontFamily" />
      <RootProperty Name="FontSize" />
      <RootProperty Name="Background" />
      <RootProperty Name="Foreground" />
      <RootProperty Name="Text" />
      <RootProperty Name="TextWrapping" />
    </RootType>
    <RootType FullName="Windows.UI.Xaml.Controls.ComboBox">
      <RootProperty Name="SelectedIndex" />
      <RootProperty Name="Margin" />
      <RootProperty Name="FontSize" />
      <RootProperty Name="Width" />
      <RootProperty Name="Padding" />
      <RootProperty Name="Items" />
      <RootProperty Name="Height" />
      <RootProperty Name="HorizontalAlignment" />
      <RootProperty Name="VerticalAlignment" />
      <RootProperty Name="FontFamily" />
      <RootEvent Name="SelectionChanged" />
    </RootType>
    <RootType FullName="Windows.UI.Xaml.Controls.ComboBoxItem">
      <RootProperty Name="Content" />
    </RootType>
    <RootType FullName="tabcontrol.ConditionalFormat" />
    <RootType FullName="tabcontrol.dateoccuring" />
    <RootType FullName="tabcontrol.rowheight" />
    <RootType FullName="Windows.UI.Xaml.Controls.UserControl">
      <RootProperty Name="Content" />
    </RootType>
    <RootType FullName="Syncfusion.UI.Xaml.Controls.Navigation.SfTabControl">
      <RootProperty Name="Name" />
      <RootProperty Name="Background" />
      <RootProperty Name="BorderBrush" />
      <RootProperty Name="TabScrollButtonVisibility" />
      <RootProperty Name="TabStripPlacement" />
      <RootEvent Name="SelectionChanged" />
    </RootType>
    <RootType FullName="tabcontrol.tabs" />
    <RootType FullName="Common.SampleLayout">
      <RootProperty Name="Content" />
      <RootProperty Name="Resources" />
      <RootProperty Name="Sample" />
      <RootProperty Name="Setting" />
    </RootType>
    <RootType FullName="Microsoft.Xaml.DirectUI.ProxyTypes.ThemeResourceExtension" />
    <RootType FullName="Syncfusion.UI.Xaml.CellGrid.SfCellGrid">
      <RootProperty Name="Resources" />
    </RootType>
    <RootType FullName="Windows.UI.Xaml.DataTemplate">
      <RootProperty Name="Template" />
    </RootType>
    <RootType FullName="Windows.UI.Xaml.Controls.Image">
      <RootProperty Name="Height" />
      <RootProperty Name="Source" />
      <RootProperty Name="Stretch" />
    </RootType>
    <RootType FullName="Windows.UI.Xaml.Data.Binding">
      <RootProperty Name="Path" />
    </RootType>
    <RootType FullName="CellGridSamples.Cell_Comments" />
    <RootType FullName="CellGridSamples.CellStyle" />
    <RootType FullName="Windows.UI.Xaml.Controls.ProgressBar">
      <RootProperty Name="Width" />
      <RootProperty Name="Height" />
      <RootProperty Name="Background" />
      <RootProperty Name="BorderThickness" />
      <RootProperty Name="Maximum" />
      <RootProperty Name="Minimum" />
      <RootProperty Name="Value" />
      <RootProperty Name="Foreground" />
    </RootType>
    <RootType FullName="Windows.UI.Xaml.Media.LinearGradientBrush">
      <RootProperty Name="StartPoint" />
      <RootProperty Name="EndPoint" />
      <RootProperty Name="GradientStops" />
    </RootType>
    <RootType FullName="Windows.UI.Xaml.Media.GradientStop">
      <RootProperty Name="Offset" />
      <RootProperty Name="Color" />
    </RootType>
    <RootType FullName="Windows.UI.Xaml.Controls.Border">
      <RootProperty Name="BorderBrush" />
      <RootProperty Name="BorderThickness" />
      <RootProperty Name="CornerRadius" />
      <RootProperty Name="Child" />
      <RootProperty Name="HorizontalAlignment" />
      <RootProperty Name="Height" />
      <RootProperty Name="Margin" />
      <RootProperty Name="Width" />
      <RootProperty Name="VerticalAlignment" />
      <RootProperty Name="Background" />
      <RootProperty Name="Padding" />
      <RootProperty Name="Visibility" />
    </RootType>
    <RootType FullName="Windows.UI.Xaml.Controls.Slider">
      <RootProperty Name="Name" />
      <RootProperty Name="Width" />
      <RootProperty Name="Height" />
      <RootProperty Name="Background" />
      <RootProperty Name="Maximum" />
      <RootProperty Name="Minimum" />
      <RootProperty Name="Value" />
    </RootType>
    <RootType FullName="CellGridSamples.CellTemplate" />
    <RootType FullName="CellGridSamples.CellTypes" />
    <RootType FullName="CellGridSamples.ConditionalFormatting" />
    <RootType FullName="Windows.UI.Xaml.FrameworkElement">
      <RootProperty Name="HorizontalAlignment" />
      <RootProperty Name="VerticalAlignment" />
      <RootProperty Name="Margin" />
    </RootType>
    <RootType FullName="Windows.UI.Xaml.Controls.ControlTemplate">
      <RootProperty Name="TargetType" />
      <RootProperty Name="Template" />
    </RootType>
    <RootType FullName="Windows.UI.Xaml.VisualStateManager">
      <RootMethod Name="GetVisualStateGroups" />
    </RootType>
    <RootType FullName="Microsoft.Xaml.DirectUI.ProxyTypes.TemplateBindingExtension" />
    <RootType FullName="Windows.UI.Xaml.VisualStateGroup">
      <RootProperty Name="States" />
    </RootType>
    <RootType FullName="Windows.UI.Xaml.VisualState">
      <RootProperty Name="Storyboard" />
    </RootType>
    <RootType FullName="Windows.UI.Xaml.Media.Animation.Storyboard">
      <RootProperty Name="Children" />
      <RootProperty Name="RepeatBehavior" />
      <RootMethod Name="GetTargetName" />
      <RootMethod Name="SetTargetName" />
      <RootMethod Name="GetTargetProperty" />
      <RootMethod Name="SetTargetProperty" />
    </RootType>
    <RootType FullName="Windows.UI.Xaml.Media.Animation.ObjectAnimationUsingKeyFrames">
      <RootProperty Name="KeyFrames" />
    </RootType>
    <RootType FullName="Windows.UI.Xaml.Media.Animation.DiscreteObjectKeyFrame">
      <RootProperty Name="KeyTime" />
      <RootProperty Name="Value" />
    </RootType>
    <RootType FullName="Windows.UI.Xaml.Media.Animation.PointerDownThemeAnimation" />
    <RootType FullName="Windows.UI.Xaml.Media.Animation.PointerUpThemeAnimation" />
    <RootType FullName="Windows.UI.Xaml.Controls.ContentPresenter">
      <RootProperty Name="HorizontalContentAlignment" />
      <RootProperty Name="VerticalContentAlignment" />
      <RootProperty Name="BorderBrush" />
      <RootProperty Name="BorderThickness" />
      <RootProperty Name="Content" />
      <RootProperty Name="ContentTemplate" />
      <RootProperty Name="ContentTransitions" />
      <RootProperty Name="Padding" />
    </RootType>
    <RootType FullName="Windows.UI.Xaml.Automation.AutomationProperties">
      <RootMethod Name="GetAccessibilityView" />
      <RootMethod Name="SetAccessibilityView" />
    </RootType>
    <RootType FullName="CellGridSamples.ContextMenu" />
    <RootType FullName="Windows.UI.Xaml.Controls.ContentControl">
      <RootProperty Name="Content" />
      <RootEvent Name="Loaded" />
    </RootType>
    <RootType FullName="Windows.UI.Xaml.Controls.StackPanel">
      <RootProperty Name="Margin" />
      <RootProperty Name="Background" />
      <RootProperty Name="BorderBrush" />
      <RootProperty Name="BorderThickness" />
      <RootProperty Name="Children" />
      <RootProperty Name="HorizontalAlignment" />
      <RootProperty Name="Orientation" />
      <RootProperty Name="Width" />
      <RootProperty Name="Height" />
    </RootType>
    <RootType FullName="Windows.UI.Xaml.Controls.ToolTipService">
      <RootMethod Name="GetToolTip" />
      <RootMethod Name="SetToolTip" />
    </RootType>
    <RootType FullName="CellGridSamples.CopyPaste" />
    <RootType FullName="CellGridSamples.CoveredCells" />
    <RootType FullName="CellGridSamples.DataValidation" />
    <RootType FullName="Syncfusion.UI.Xaml.Controls.SfRibbon.SfRibbonPage">
      <RootProperty Name="Content" />
    </RootType>
    <RootType FullName="Syncfusion.UI.Xaml.Controls.SfRibbon.SfRibbon">
      <RootProperty Name="Name" />
      <RootProperty Name="HorizontalAlignment" />
      <RootProperty Name="VerticalAlignment" />
      <RootProperty Name="BackStage" />
      <RootProperty Name="Items" />
      <RootProperty Name="Content" />
      <RootProperty Name="Height" />
    </RootType>
    <RootType FullName="Syncfusion.UI.Xaml.Controls.SfRibbon.SfBackstage">
      <RootProperty Name="Items" />
    </RootType>
    <RootType FullName="Syncfusion.UI.Xaml.Controls.SfRibbon.SfBackStageButton">
      <RootProperty Name="Content" />
      <RootEvent Name="Click" />
    </RootType>
    <RootType FullName="Syncfusion.UI.Xaml.Controls.SfRibbon.SfRibbonTab">
      <RootProperty Name="Header" />
      <RootProperty Name="Items" />
      <RootProperty Name="FontSize" />
      <RootProperty Name="Caption" />
      <RootProperty Name="Background" />
    </RootType>
    <RootType FullName="Syncfusion.UI.Xaml.Controls.SfRibbon.SfRibbonBar">
      <RootProperty Name="SeparatorBrush" />
      <RootProperty Name="Items" />
    </RootType>
    <RootType FullName="Syncfusion.UI.Xaml.Controls.SfRibbon.SfDropDownButton">
      <RootProperty Name="Icon" />
      <RootProperty Name="Label" />
      <RootProperty Name="SizeMode" />
      <RootProperty Name="Items" />
      <RootProperty Name="IsTabStop" />
      <RootProperty Name="Header" />
    </RootType>
    <RootType FullName="Syncfusion.UI.Xaml.Controls.SfRibbon.SfRibbonButton">
      <RootProperty Name="Icon" />
      <RootProperty Name="Label" />
      <RootProperty Name="SizeMode" />
      <RootProperty Name="Width" />
      <RootProperty Name="Margin" />
      <RootProperty Name="Height" />
      <RootProperty Name="Content" />
      <RootProperty Name="Visibility" />
      <RootProperty Name="Name" />
      <RootEvent Name="Click" />
    </RootType>
    <RootType FullName="Syncfusion.UI.Xaml.Controls.Media.SfColorPicker">
      <RootProperty Name="Name" />
      <RootProperty Name="Background" />
    </RootType>
    <RootType FullName="Windows.UI.Xaml.Controls.CheckBox">
      <RootProperty Name="Name" />
      <RootProperty Name="Margin" />
      <RootProperty Name="Content" />
      <RootProperty Name="IsChecked" />
      <RootProperty Name="IsThreeState" />
      <RootProperty Name="Width" />
      <RootProperty Name="HorizontalAlignment" />
      <RootProperty Name="VerticalContentAlignment" />
      <RootProperty Name="FontSize" />
      <RootEvent Name="Click" />
    </RootType>
    <RootType FullName="Syncfusion.UI.Xaml.Controls.SfRibbon.SfSplitButton">
      <RootProperty Name="Icon" />
      <RootProperty Name="Label" />
      <RootProperty Name="Items" />
    </RootType>
    <RootType FullName="CellGridSamples.ExcelLikeUI" />
    <RootType FullName="Windows.UI.Xaml.Controls.Primitives.Popup">
      <RootProperty Name="IsLightDismissEnabled" />
    </RootType>
    <RootType FullName="Syncfusion.UI.Xaml.Controls.SfRibbon.SfRibbonComboBox">
      <RootProperty Name="Name" />
      <RootProperty Name="Width" />
      <RootProperty Name="FontSize" />
      <RootProperty Name="Height" />
      <RootProperty Name="Margin" />
      <RootProperty Name="Background" />
      <RootProperty Name="BorderBrush" />
      <RootProperty Name="SelectedIndex" />
      <RootProperty Name="Items" />
      <RootEvent Name="SelectionChanged" />
    </RootType>
    <RootType FullName="Syncfusion.UI.Xaml.Controls.SfRibbon.SfRibbonMenu">
      <RootProperty Name="FontSize" />
      <RootProperty Name="Icon" />
      <RootProperty Name="Label" />
      <RootProperty Name="Items" />
      <RootProperty Name="SizeMode" />
    </RootType>
    <RootType FullName="Syncfusion.UI.Xaml.Controls.SfRibbon.SfRibbonMenuItem">
      <RootProperty Name="Header" />
      <RootProperty Name="Content" />
    </RootType>
    <RootType FullName="Syncfusion.UI.Xaml.Controls.SfRibbon.SfRibbonComboBoxItem">
      <RootProperty Name="Content" />
      <RootProperty Name="FontFamily" />
      <RootProperty Name="Tag" />
      <RootProperty Name="FontWeight" />
    </RootType>
    <RootType FullName="Windows.UI.Xaml.Controls.ScrollViewer">
      <RootProperty Name="Width" />
      <RootProperty Name="Height" />
      <RootProperty Name="Content" />
      <RootProperty Name="Margin" />
      <RootProperty Name="Background" />
      <RootProperty Name="BorderBrush" />
      <RootProperty Name="BorderThickness" />
      <RootProperty Name="VerticalScrollBarVisibility" />
      <RootProperty Name="VerticalScrollMode" />
    </RootType>
    <RootType FullName="System.Double" />
    <RootType FullName="CellGridSamples.FloatingCells" />
    <RootType FullName="Windows.UI.Xaml.Controls.ProgressRing">
      <RootProperty Name="Width" />
      <RootProperty Name="Height" />
      <RootProperty Name="IsActive" />
      <RootProperty Name="Style" />
    </RootType>
    <RootType FullName="Windows.UI.Xaml.Media.Animation.DoubleAnimationUsingKeyFrames">
      <RootProperty Name="KeyFrames" />
    </RootType>
    <RootType FullName="Windows.UI.Xaml.Media.Animation.EasingDoubleKeyFrame">
      <RootProperty Name="KeyTime" />
      <RootProperty Name="Value" />
    </RootType>
    <RootType FullName="Windows.UI.Xaml.Visibility" />
    <RootType FullName="Windows.UI.Xaml.Controls.Canvas">
      <RootMethod Name="GetLeft" />
      <RootMethod Name="SetLeft" />
    </RootType>
    <RootType FullName="Windows.UI.Xaml.Media.TransformGroup">
      <RootProperty Name="Children" />
    </RootType>
    <RootType FullName="Windows.UI.Xaml.Media.ScaleTransform" />
    <RootType FullName="Windows.UI.Xaml.Media.SkewTransform" />
    <RootType FullName="Windows.UI.Xaml.Media.RotateTransform" />
    <RootType FullName="Windows.UI.Xaml.Media.TranslateTransform" />
    <RootType FullName="Windows.UI.Xaml.Shapes.Path">
      <RootProperty Name="Margin" />
      <RootProperty Name="Data" />
      <RootProperty Name="Fill" />
      <RootProperty Name="Opacity" />
    </RootType>
    <RootType FullName="Microsoft.Xaml.DirectUI.ProxyTypes.StaticResourceExtension" />
    <RootType FullName="CellGridSamples.Formula" />
    <RootType FullName="CellGridSamples.FreezePane" />
    <RootType FullName="CellGridSamples.RowColumnManipulation" />
    <RootType FullName="Windows.UI.Xaml.Controls.RadioButton">
      <RootProperty Name="Width" />
      <RootProperty Name="Margin" />
      <RootProperty Name="HorizontalAlignment" />
      <RootProperty Name="Content" />
      <RootEvent Name="Checked" />
    </RootType>
    <RootType FullName="CellGridSamples.ScrollPerformance" />
    <RootType FullName="CellGridSamples.Selection" />
    <RootType FullName="CellGridSamples.TextFormat" />
    <RootType FullName="CellGridSamples.TraderGrid" />
    <RootType FullName="CellGridSamples.Virtualization" />
  </Roots.RootTypes>
</Roots>
