﻿<?xml version="1.0" encoding="utf-8"?>
<Roots >
  <Roots.Interfaces>
    <RootInterface FullName="Windows.UI.Xaml.Data.IValueConverter" />
  </Roots.Interfaces>
  <Roots.PropertyPathNames>
    <RootPropertyPathName Name="Animation" />
    <RootPropertyPathName Name="IsChecked" />
    <RootPropertyPathName Name="Contacts" />
    <RootPropertyPathName Name="Name" />
    <RootPropertyPathName Name="SelectedMailCollection" />
    <RootPropertyPathName Name="MailCollection" />
    <RootPropertyPathName Name="Message" />
    <RootPropertyPathName Name="Subject" />
    <RootPropertyPathName Name="Sender" />
    <RootPropertyPathName Name="IsUnRead" />
    <RootPropertyPathName Name="Header" />
    <RootPropertyPathName Name="Notes" />
    <RootPropertyPathName Name="Text" />
    <RootPropertyPathName Name="IsOn" />
    <RootPropertyPathName Name="Value" />
    <RootPropertyPathName Name="ExcuteCommand" />
    <RootPropertyPathName Name="CustomContent" />
    <RootPropertyPathName Name="Value2" />
    <RootPropertyPathName Name="Value1" />
    <RootPropertyPathName Name="Start" />
    <RootPropertyPathName Name="Resume" />
    <RootPropertyPathName Name="Pause" />
    <RootPropertyPathName Name="PointerFactor" />
    <RootPropertyPathName Name="ShowMaximum" />
    <RootPropertyPathName Name="SliderValue" />
    <RootPropertyPathName Name="TickFrequency" />
    <RootPropertyPathName Name="Images" />
    <RootPropertyPathName Name="Image" />
    <RootPropertyPathName Name="Models" />
    <RootPropertyPathName Name="Count" />
    <RootPropertyPathName Name="SelectedItem" />
  </Roots.PropertyPathNames>
  <Roots.RootTypes>
    <RootType FullName="Windows.UI.Xaml.Application">
      <RootProperty Name="RequestedTheme" />
    </RootType>
    <RootType FullName="Common.SampleLayout">
      <RootProperty Name="Resources" />
      <RootProperty Name="Sample" />
      <RootProperty Name="Setting" />
      <RootProperty Name="Content" />
      <RootProperty Name="DataContext" />
      <RootProperty Name="Background" />
    </RootType>
    <RootType FullName="Windows.UI.Xaml.Media.SolidColorBrush">
      <RootProperty Name="Color" />
    </RootType>
    <RootType FullName="Windows.UI.Xaml.Controls.ContentControl">
      <RootProperty Name="HorizontalAlignment" />
      <RootProperty Name="VerticalAlignment" />
      <RootProperty Name="HorizontalContentAlignment" />
      <RootProperty Name="VerticalContentAlignment" />
      <RootProperty Name="Content" />
      <RootProperty Name="Visibility" />
      <RootProperty Name="Height" />
      <RootProperty Name="Width" />
      <RootProperty Name="Margin" />
      <RootProperty Name="ContentTemplate" />
      <RootProperty Name="ContentTransitions" />
    </RootType>
    <RootType FullName="Windows.UI.Xaml.Controls.Viewbox">
      <RootProperty Name="MaxHeight" />
      <RootProperty Name="MaxWidth" />
      <RootProperty Name="Child" />
      <RootProperty Name="Stretch" />
      <RootProperty Name="HorizontalAlignment" />
      <RootProperty Name="VerticalAlignment" />
    </RootType>
    <RootType FullName="Windows.UI.Xaml.Controls.Grid">
      <RootProperty Name="HorizontalAlignment" />
      <RootProperty Name="VerticalAlignment" />
      <RootProperty Name="Margin" />
      <RootProperty Name="ChildrenTransitions" />
      <RootProperty Name="Resources" />
      <RootProperty Name="Children" />
      <RootProperty Name="ColumnDefinitions" />
      <RootProperty Name="RowDefinitions" />
      <RootProperty Name="Background" />
      <RootProperty Name="Width" />
      <RootProperty Name="BorderBrush" />
      <RootProperty Name="BorderThickness" />
      <RootProperty Name="Height" />
      <RootProperty Name="Name" />
      <RootProperty Name="Visibility" />
      <RootProperty Name="RenderTransformOrigin" />
      <RootProperty Name="RenderTransform" />
      <RootProperty Name="IsHitTestVisible" />
      <RootMethod Name="GetColumnSpan" />
      <RootMethod Name="SetColumnSpan" />
      <RootMethod Name="GetColumn" />
      <RootMethod Name="SetColumn" />
      <RootMethod Name="GetRow" />
      <RootMethod Name="SetRow" />
      <RootMethod Name="GetRowSpan" />
      <RootMethod Name="SetRowSpan" />
    </RootType>
    <RootType FullName="Windows.UI.Xaml.Media.Animation.TransitionCollection" />
    <RootType FullName="Windows.UI.Xaml.Media.Animation.PopupThemeTransition" />
    <RootType FullName="Windows.UI.Xaml.Controls.GridViewItem">
      <RootProperty Name="Content" />
    </RootType>
    <RootType FullName="Windows.UI.Xaml.FrameworkElement">
      <RootProperty Name="Margin" />
      <RootProperty Name="Width" />
      <RootProperty Name="Height" />
      <RootProperty Name="HorizontalAlignment" />
      <RootProperty Name="VerticalAlignment" />
      <RootProperty Name="MinWidth" />
      <RootProperty Name="MinHeight" />
    </RootType>
    <RootType FullName="Windows.UI.Xaml.UIElement">
      <RootProperty Name="IsHitTestVisible" />
    </RootType>
    <RootType FullName="Windows.UI.Xaml.Controls.Control">
      <RootProperty Name="Background" />
      <RootProperty Name="Foreground" />
      <RootProperty Name="Padding" />
      <RootProperty Name="HorizontalContentAlignment" />
      <RootProperty Name="VerticalContentAlignment" />
      <RootProperty Name="FontFamily" />
      <RootProperty Name="FontSize" />
      <RootProperty Name="UseSystemFocusVisuals" />
      <RootProperty Name="Template" />
      <RootProperty Name="BorderBrush" />
      <RootProperty Name="BorderThickness" />
    </RootType>
    <RootType FullName="Windows.UI.Xaml.Setter">
      <RootProperty Name="Property" />
      <RootProperty Name="Value" />
    </RootType>
    <RootType FullName="Windows.UI.Xaml.Controls.GridView">
      <RootProperty Name="IsTapEnabled" />
      <RootProperty Name="SelectionMode" />
      <RootProperty Name="CanReorderItems" />
      <RootProperty Name="CanDragItems" />
      <RootProperty Name="HorizontalAlignment" />
      <RootProperty Name="VerticalAlignment" />
      <RootProperty Name="IsRightTapEnabled" />
      <RootProperty Name="IsItemClickEnabled" />
      <RootProperty Name="IsDoubleTapEnabled" />
      <RootProperty Name="IsSwipeEnabled" />
      <RootProperty Name="Items" />
    </RootType>
    <RootType FullName="Windows.UI.Xaml.Controls.ScrollViewer">
      <RootProperty Name="VerticalAlignment" />
      <RootProperty Name="VerticalContentAlignment" />
      <RootProperty Name="VerticalScrollMode" />
      <RootProperty Name="VerticalScrollBarVisibility" />
      <RootProperty Name="HorizontalScrollBarVisibility" />
      <RootProperty Name="Content" />
      <RootProperty Name="ZoomMode" />
      <RootMethod Name="GetVerticalScrollMode" />
      <RootMethod Name="SetVerticalScrollMode" />
      <RootMethod Name="GetVerticalScrollBarVisibility" />
      <RootMethod Name="SetVerticalScrollBarVisibility" />
    </RootType>
    <RootType FullName="Syncfusion.UI.Xaml.Controls.Notification.SfBusyIndicator">
      <RootProperty Name="Foreground" />
      <RootProperty Name="ViewboxHeight" />
      <RootProperty Name="ViewboxWidth" />
      <RootProperty Name="VerticalAlignment" />
      <RootProperty Name="HorizontalAlignment" />
      <RootProperty Name="AnimationType" />
    </RootType>
    <RootType FullName="Microsoft.Xaml.DirectUI.ProxyTypes.StaticResourceExtension" />
    <RootType FullName="Windows.UI.Xaml.Data.Binding">
      <RootProperty Name="ElementName" />
      <RootProperty Name="Path" />
      <RootProperty Name="Converter" />
      <RootProperty Name="Mode" />
    </RootType>
    <RootType FullName="Notification.BusyIndicator.BusyIndicatorView">
      <RootProperty Name="Animation" />
    </RootType>
    <RootType FullName="Windows.UI.Xaml.Controls.UserControl">
      <RootProperty Name="Content" />
      <RootProperty Name="HorizontalContentAlignment" />
      <RootProperty Name="VerticalContentAlignment" />
      <RootProperty Name="HorizontalAlignment" />
      <RootProperty Name="VerticalAlignment" />
      <RootProperty Name="Resources" />
    </RootType>
    <RootType FullName="Notification.BusyIndicator.ArrowTrackDemo" />
    <RootType FullName="Notification.BusyIndicator.BallDemo" />
    <RootType FullName="Notification.BusyIndicator.BatteryDemo" />
    <RootType FullName="Notification.BusyIndicator.BoxDemo" />
    <RootType FullName="Notification.BusyIndicator.BulbDemo" />
    <RootType FullName="Notification.BusyIndicator.DeleteDemo" />
    <RootType FullName="Notification.BusyIndicator.DoubleCircleDemo" />
    <RootType FullName="Notification.BusyIndicator.DropDemo" />
    <RootType FullName="Notification.BusyIndicator.ECGDemo" />
    <RootType FullName="Notification.BusyIndicator.FlightDemo" />
    <RootType FullName="Notification.BusyIndicator.FlowerDemo" />
    <RootType FullName="Notification.BusyIndicator.GearDemo" />
    <RootType FullName="Notification.BusyIndicator.GlobeDemo" />
    <RootType FullName="Notification.BusyIndicator.GPSDemo" />
    <RootType FullName="Notification.BusyIndicator.HorizontalPulsingBoxDemo" />
    <RootType FullName="Notification.BusyIndicator.LiquidDemo" />
    <RootType FullName="Notification.BusyIndicator.PenDemo" />
    <RootType FullName="Notification.BusyIndicator.PrintDemo" />
    <RootType FullName="Notification.BusyIndicator.RainyDemo" />
    <RootType FullName="Notification.BusyIndicator.RectangleDemo" />
    <RootType FullName="Notification.BusyIndicator.RotationDemo" />
    <RootType FullName="Notification.BusyIndicator.SingleCircleDemo" />
    <RootType FullName="Notification.BusyIndicator.SliceBoxDemo" />
    <RootType FullName="Notification.BusyIndicator.SlicedCircleDemo" />
    <RootType FullName="Notification.BusyIndicator.SnowDemo" />
    <RootType FullName="Notification.BusyIndicator.SunnyDemo" />
    <RootType FullName="Notification.BusyIndicator.SunriseDemo" />
    <RootType FullName="Notification.BusyIndicator.TemperatureDemo" />
    <RootType FullName="Notification.BusyIndicator.ThunderDemo" />
    <RootType FullName="Notification.BusyIndicator.UmbrellaDemo" />
    <RootType FullName="Notification.BusyIndicator.WindmillDemo" />
    <RootType FullName="Windows.UI.Xaml.Controls.ColumnDefinition">
      <RootProperty Name="Width" />
      <RootProperty Name="MinWidth" />
    </RootType>
    <RootType FullName="Windows.UI.Xaml.Shapes.Rectangle">
      <RootProperty Name="Fill" />
      <RootProperty Name="Opacity" />
      <RootProperty Name="Name" />
      <RootProperty Name="Visibility" />
      <RootProperty Name="Height" />
      <RootProperty Name="Width" />
      <RootProperty Name="HorizontalAlignment" />
    </RootType>
    <RootType FullName="Syncfusion.UI.Xaml.Controls.Input.SfGridSplitter">
      <RootProperty Name="VerticalAlignment" />
      <RootProperty Name="ShowsPreview" />
      <RootProperty Name="EnableCollapseButton" />
    </RootType>
    <RootType FullName="Windows.UI.Xaml.Controls.RowDefinition">
      <RootProperty Name="Height" />
      <RootProperty Name="MinHeight" />
    </RootType>
    <RootType FullName="Syncfusion.UI.Xaml.Controls.Input.SfCalendar">
      <RootProperty Name="HorizontalAlignment" />
      <RootProperty Name="VerticalAlignment" />
      <RootProperty Name="Width" />
      <RootProperty Name="Height" />
      <RootProperty Name="Margin" />
      <RootProperty Name="FontSize" />
    </RootType>
    <RootType FullName="Windows.UI.Xaml.Shapes.Path">
      <RootProperty Name="Fill" />
      <RootProperty Name="Stretch" />
      <RootProperty Name="Margin" />
      <RootProperty Name="Data" />
      <RootProperty Name="RenderTransform" />
      <RootProperty Name="Width" />
      <RootProperty Name="Height" />
      <RootProperty Name="RenderTransformOrigin" />
      <RootProperty Name="Stroke" />
      <RootProperty Name="StrokeEndLineCap" />
      <RootProperty Name="StrokeLineJoin" />
      <RootProperty Name="StrokeMiterLimit" />
      <RootProperty Name="StrokeStartLineCap" />
      <RootProperty Name="StrokeThickness" />
      <RootProperty Name="HorizontalAlignment" />
      <RootProperty Name="VerticalAlignment" />
    </RootType>
    <RootType FullName="Syncfusion.UI.Xaml.Controls.Input.SfCalculator">
      <RootProperty Name="Width" />
      <RootProperty Name="Height" />
      <RootProperty Name="HorizontalAlignment" />
      <RootProperty Name="VerticalAlignment" />
    </RootType>
    <RootType FullName="Windows.UI.Xaml.Controls.CheckBox">
      <RootProperty Name="Content" />
      <RootProperty Name="VerticalAlignment" />
      <RootProperty Name="Margin" />
      <RootProperty Name="IsChecked" />
      <RootEvent Name="Click" />
    </RootType>
    <RootType FullName="GridSplitter.GridSplitterDemo" />
    <RootType FullName="Syncfusion.UI.Xaml.Converters.BooleanToVisibilityConverter" />
    <RootType FullName="Windows.UI.Xaml.Controls.ControlTemplate">
      <RootProperty Name="TargetType" />
      <RootProperty Name="Template" />
    </RootType>
    <RootType FullName="Windows.UI.Xaml.VisualStateManager">
      <RootMethod Name="GetVisualStateGroups" />
    </RootType>
    <RootType FullName="Microsoft.Xaml.DirectUI.ProxyTypes.TemplateBindingExtension" />
    <RootType FullName="Windows.UI.Xaml.VisualStateGroup">
      <RootProperty Name="States" />
    </RootType>
    <RootType FullName="Windows.UI.Xaml.VisualState">
      <RootProperty Name="Storyboard" />
    </RootType>
    <RootType FullName="Windows.UI.Xaml.Media.Animation.Storyboard">
      <RootProperty Name="Children" />
      <RootMethod Name="GetTargetProperty" />
      <RootMethod Name="SetTargetProperty" />
      <RootMethod Name="GetTargetName" />
      <RootMethod Name="SetTargetName" />
    </RootType>
    <RootType FullName="Windows.UI.Xaml.Media.Animation.ObjectAnimationUsingKeyFrames">
      <RootProperty Name="KeyFrames" />
    </RootType>
    <RootType FullName="Windows.UI.Xaml.Media.Animation.DoubleAnimation">
      <RootProperty Name="BeginTime" />
      <RootProperty Name="Duration" />
      <RootProperty Name="To" />
    </RootType>
    <RootType FullName="Windows.UI.Xaml.Media.Animation.DiscreteObjectKeyFrame">
      <RootProperty Name="KeyTime" />
      <RootProperty Name="Value" />
    </RootType>
    <RootType FullName="Microsoft.Xaml.DirectUI.ProxyTypes.ThemeResourceExtension" />
    <RootType FullName="Windows.UI.Xaml.Controls.ContentPresenter">
      <RootProperty Name="ContentTemplate" />
      <RootProperty Name="ContentTransitions" />
      <RootProperty Name="Content" />
      <RootProperty Name="HorizontalAlignment" />
      <RootProperty Name="Margin" />
      <RootProperty Name="TextWrapping" />
      <RootProperty Name="VerticalAlignment" />
    </RootType>
    <RootType FullName="Windows.UI.Xaml.Automation.AutomationProperties">
      <RootMethod Name="GetAccessibilityView" />
      <RootMethod Name="SetAccessibilityView" />
    </RootType>
    <RootType FullName="Windows.UI.Xaml.Media.TransformGroup">
      <RootProperty Name="Children" />
    </RootType>
    <RootType FullName="Windows.UI.Xaml.Media.RotateTransform">
      <RootProperty Name="Angle" />
    </RootType>
    <RootType FullName="Windows.UI.Xaml.Media.ScaleTransform">
      <RootProperty Name="ScaleX" />
      <RootProperty Name="ScaleY" />
    </RootType>
    <RootType FullName="Syncfusion.UI.Xaml.Controls.Navigation.SfGroupBar">
      <RootProperty Name="PopupPlacementPosition" />
      <RootProperty Name="VerticalAlignment" />
      <RootProperty Name="PopupSizeMode" />
      <RootProperty Name="CollapsedWidth" />
      <RootProperty Name="Width" />
      <RootProperty Name="MinHeight" />
      <RootProperty Name="PopupAnimation" />
      <RootProperty Name="PopupWidth" />
      <RootProperty Name="Items" />
      <RootEvent Name="Expanded" />
      <RootEvent Name="Collapsed" />
    </RootType>
    <RootType FullName="Syncfusion.UI.Xaml.Controls.Navigation.SfGroupBarItem">
      <RootProperty Name="Header" />
      <RootProperty Name="IsSelected" />
      <RootProperty Name="Content" />
      <RootProperty Name="ImagePath" />
    </RootType>
    <RootType FullName="Windows.UI.Xaml.Controls.ListView">
      <RootProperty Name="Margin" />
      <RootProperty Name="Tag" />
      <RootProperty Name="Visibility" />
      <RootProperty Name="BorderBrush" />
      <RootProperty Name="BorderThickness" />
      <RootProperty Name="Items" />
      <RootProperty Name="SelectedIndex" />
      <RootProperty Name="ItemsSource" />
      <RootProperty Name="HorizontalAlignment" />
      <RootProperty Name="VerticalAlignment" />
      <RootProperty Name="ItemTemplate" />
      <RootProperty Name="HorizontalContentAlignment" />
      <RootEvent Name="SelectionChanged" />
    </RootType>
    <RootType FullName="Windows.UI.Xaml.Controls.ListViewItem">
      <RootProperty Name="Content" />
    </RootType>
    <RootType FullName="SampleBrowser.GroupBar.GroupBarView" />
    <RootType FullName="Windows.UI.Xaml.Controls.Border">
      <RootProperty Name="BorderBrush" />
      <RootProperty Name="BorderThickness" />
      <RootProperty Name="HorizontalAlignment" />
      <RootProperty Name="VerticalAlignment" />
      <RootProperty Name="Child" />
      <RootProperty Name="Background" />
      <RootProperty Name="Padding" />
    </RootType>
    <RootType FullName="Windows.UI.Xaml.DataTemplate">
      <RootProperty Name="Template" />
    </RootType>
    <RootType FullName="Windows.UI.Xaml.Controls.TextBlock">
      <RootProperty Name="VerticalAlignment" />
      <RootProperty Name="Margin" />
      <RootProperty Name="Text" />
      <RootProperty Name="FontWeight" />
      <RootProperty Name="FontSize" />
      <RootProperty Name="Foreground" />
      <RootProperty Name="TextTrimming" />
      <RootProperty Name="Height" />
      <RootProperty Name="FontStyle" />
      <RootProperty Name="HorizontalAlignment" />
      <RootProperty Name="TextWrapping" />
      <RootProperty Name="FontFamily" />
      <RootProperty Name="Padding" />
      <RootProperty Name="Name" />
      <RootProperty Name="Width" />
    </RootType>
    <RootType FullName="SampleBrowser.GroupBar.ContactView" />
    <RootType FullName="SampleBrowser.GroupBar.BoolToBrushConverter" />
    <RootType FullName="Windows.UI.Xaml.Controls.ItemsControl">
      <RootProperty Name="Margin" />
      <RootProperty Name="ItemsSource" />
      <RootProperty Name="HorizontalAlignment" />
      <RootProperty Name="VerticalAlignment" />
      <RootProperty Name="ItemTemplate" />
    </RootType>
    <RootType FullName="Windows.UI.Xaml.Controls.StackPanel">
      <RootProperty Name="Orientation" />
      <RootProperty Name="Margin" />
      <RootProperty Name="HorizontalAlignment" />
      <RootProperty Name="Children" />
    </RootType>
    <RootType FullName="SampleBrowser.GroupBar.MailView" />
    <RootType FullName="Windows.UI.Xaml.Controls.ListBox">
      <RootProperty Name="VerticalAlignment" />
      <RootProperty Name="VerticalContentAlignment" />
      <RootProperty Name="Margin" />
      <RootProperty Name="ItemsSource" />
      <RootProperty Name="Background" />
      <RootProperty Name="ItemsPanel" />
      <RootProperty Name="ItemTemplate" />
    </RootType>
    <RootType FullName="Windows.UI.Xaml.Controls.ItemsPanelTemplate">
      <RootProperty Name="Template" />
    </RootType>
    <RootType FullName="SampleBrowser.GroupBar.NoteView" />
    <RootType FullName="Syncfusion.UI.Xaml.Controls.Input.SfTextBoxExt">
      <RootProperty Name="Height" />
      <RootProperty Name="Width" />
      <RootProperty Name="Watermark" />
      <RootProperty Name="WatermarkTemplate" />
      <RootProperty Name="VerticalAlignment" />
      <RootProperty Name="HorizontalAlignment" />
      <RootProperty Name="Margin" />
      <RootProperty Name="Text" />
    </RootType>
    <RootType FullName="SampleBrowser.GroupBar.TaskView" />
    <RootType FullName="Windows.UI.Xaml.ResourceDictionary" />
    <RootType FullName="Syncfusion.UI.Xaml.Controls.Notification.SfHubTile">
      <RootProperty Name="Width" />
      <RootProperty Name="Height" />
      <RootProperty Name="Header" />
      <RootProperty Name="Foreground" />
      <RootProperty Name="BorderBrush" />
      <RootProperty Name="HorizontalAlignment" />
      <RootProperty Name="VerticalAlignment" />
      <RootProperty Name="Margin" />
      <RootProperty Name="IsFrozen" />
      <RootProperty Name="Background" />
      <RootProperty Name="ImageSource" />
      <RootProperty Name="Title" />
      <RootProperty Name="SecondaryContent" />
      <RootEvent Name="Loaded" />
    </RootType>
    <RootType FullName="Windows.UI.Xaml.Controls.Image">
      <RootProperty Name="Source" />
      <RootProperty Name="Stretch" />
      <RootProperty Name="Margin" />
      <RootProperty Name="VerticalAlignment" />
      <RootProperty Name="HorizontalAlignment" />
      <RootProperty Name="Height" />
      <RootProperty Name="Width" />
      <RootProperty Name="Name" />
    </RootType>
    <RootType FullName="Syncfusion.UI.Xaml.Controls.Input.SfNumericUpDown">
      <RootProperty Name="Margin" />
      <RootProperty Name="BlockCharactersOnTextInput" />
      <RootProperty Name="FormatString" />
      <RootProperty Name="Maximum" />
      <RootProperty Name="MaximumNumberDecimalDigits" />
      <RootProperty Name="Minimum" />
      <RootProperty Name="AccentBrush" />
      <RootProperty Name="Value" />
      <RootProperty Name="SmallChange" />
      <RootEvent Name="ValueChanged" />
    </RootType>
    <RootType FullName="Windows.UI.Xaml.Controls.ToggleSwitch">
      <RootProperty Name="Margin" />
      <RootProperty Name="IsOn" />
      <RootProperty Name="IsEnabled" />
      <RootEvent Name="Toggled" />
    </RootType>
    <RootType FullName="Notification.HubTile.HubTileView" />
    <RootType FullName="Syncfusion.UI.Xaml.Controls.Notification.SfMosaicTile">
      <RootProperty Name="Width" />
      <RootProperty Name="Height" />
      <RootProperty Name="Header" />
      <RootProperty Name="BorderBrush" />
      <RootProperty Name="Padding" />
      <RootProperty Name="HorizontalAlignment" />
      <RootProperty Name="VerticalAlignment" />
      <RootProperty Name="Margin" />
      <RootProperty Name="AccentBrush" />
      <RootProperty Name="Foreground" />
      <RootProperty Name="ImageList" />
    </RootType>
    <RootType FullName="Syncfusion.UI.Xaml.Controls.Notification.ImageList" />
    <RootType FullName="System.String" />
    <RootType FullName="Notification.HubTile.MosaicTileView" />
    <RootType FullName="Syncfusion.UI.Xaml.Controls.Notification.SfPulsingTile">
      <RootProperty Name="Width" />
      <RootProperty Name="Height" />
      <RootProperty Name="HorizontalAlignment" />
      <RootProperty Name="VerticalAlignment" />
      <RootProperty Name="Padding" />
      <RootProperty Name="Margin" />
      <RootProperty Name="Header" />
      <RootProperty Name="Foreground" />
      <RootProperty Name="Background" />
      <RootProperty Name="RadiusX" />
      <RootProperty Name="RadiusY" />
      <RootProperty Name="PulseScale" />
      <RootProperty Name="Content" />
    </RootType>
    <RootType FullName="Notification.HubTile.PulsingTileView" />
    <RootType FullName="Syncfusion.UI.Xaml.Controls.Notification.SfSplitMosaicTile">
      <RootProperty Name="Width" />
      <RootProperty Name="Height" />
      <RootProperty Name="Header" />
      <RootProperty Name="BorderBrush" />
      <RootProperty Name="HorizontalAlignment" />
      <RootProperty Name="VerticalAlignment" />
      <RootProperty Name="Margin" />
      <RootProperty Name="AccentBrush" />
      <RootProperty Name="Foreground" />
      <RootProperty Name="ImageList" />
    </RootType>
    <RootType FullName="Notification.HubTile.SplitMosaicTileView" />
    <RootType FullName="Syncfusion.UI.Xaml.Controls.Navigation.SfMenu">
      <RootProperty Name="Orientation" />
      <RootProperty Name="ExpandMode" />
      <RootProperty Name="PopUpAnimationType" />
      <RootProperty Name="VerticalAlignment" />
      <RootProperty Name="Margin" />
      <RootProperty Name="Items" />
    </RootType>
    <RootType FullName="Windows.UI.Xaml.Controls.RichEditBox">
      <RootProperty Name="Margin" />
      <RootProperty Name="BorderThickness" />
      <RootProperty Name="VerticalAlignment" />
      <RootProperty Name="HorizontalAlignment" />
      <RootProperty Name="HorizontalContentAlignment" />
      <RootProperty Name="IsSpellCheckEnabled" />
      <RootProperty Name="FontSize" />
      <RootProperty Name="Padding" />
      <RootProperty Name="BorderBrush" />
      <RootEvent Name="SelectionChanged" />
    </RootType>
    <RootType FullName="Syncfusion.UI.Xaml.Controls.Navigation.SfMenuItem">
      <RootProperty Name="Header" />
      <RootProperty Name="Items" />
      <RootProperty Name="Command" />
      <RootProperty Name="CommandParameter" />
      <RootProperty Name="Icon" />
      <RootProperty Name="IsCheckable" />
      <RootProperty Name="IsChecked" />
      <RootProperty Name="Visibility" />
    </RootType>
    <RootType FullName="Windows.UI.Xaml.Controls.ComboBox">
      <RootProperty Name="Margin" />
      <RootProperty Name="SelectedIndex" />
      <RootProperty Name="HorizontalAlignment" />
      <RootProperty Name="Items" />
      <RootProperty Name="VerticalAlignment" />
      <RootEvent Name="SelectionChanged" />
      <RootEvent Name="Loaded" />
    </RootType>
    <RootType FullName="Windows.UI.Xaml.Controls.ComboBoxItem">
      <RootProperty Name="Content" />
    </RootType>
    <RootType FullName="SampleBrowser.Menu.MenuView" />
    <RootType FullName="SampleBrowser.ProgressBar.GettingStartedProperties" />
    <RootType FullName="Syncfusion.UI.Xaml.Controls.Notification.SfProgressBar">
      <RootProperty Name="Height" />
      <RootProperty Name="Width" />
      <RootProperty Name="FontSize" />
      <RootProperty Name="Radius" />
      <RootProperty Name="StrokeThickness" />
      <RootProperty Name="BackRimRadius" />
      <RootProperty Name="BackRimStrokeThickness" />
      <RootProperty Name="ProgressType" />
      <RootProperty Name="VerticalAlignment" />
      <RootProperty Name="HorizontalAlignment" />
      <RootProperty Name="Value" />
      <RootProperty Name="CustomContent" />
      <RootProperty Name="DisplayContentMode" />
      <RootProperty Name="SegmentCount" />
      <RootProperty Name="SegmentHeight" />
      <RootProperty Name="SegmentWidth" />
      <RootProperty Name="SegmentSpacing" />
    </RootType>
    <RootType FullName="Windows.UI.Xaml.Controls.Button">
      <RootProperty Name="Margin" />
      <RootProperty Name="HorizontalAlignment" />
      <RootProperty Name="HorizontalContentAlignment" />
      <RootProperty Name="Width" />
      <RootProperty Name="Content" />
      <RootProperty Name="Command" />
    </RootType>
    <RootType FullName="SampleBrowser.ProgressBar.ProgressBarGettingStartedView" />
    <RootType FullName="Windows.UI.Xaml.Controls.VariableSizedWrapGrid">
      <RootProperty Name="ItemWidth" />
      <RootProperty Name="HorizontalAlignment" />
      <RootProperty Name="VerticalAlignment" />
      <RootProperty Name="Orientation" />
      <RootProperty Name="Children" />
    </RootType>
    <RootType FullName="SampleBrowser.RadialMenu.RadialSliderProperties" />
    <RootType FullName="Syncfusion.UI.Xaml.Controls.Navigation.SfRadialSlider">
      <RootProperty Name="Width" />
      <RootProperty Name="Height" />
      <RootProperty Name="SmallChange" />
      <RootProperty Name="PointerRadiusFactor" />
      <RootProperty Name="ShowMaximumValue" />
      <RootProperty Name="Value" />
      <RootProperty Name="LabelVisibility" />
      <RootProperty Name="HorizontalAlignment" />
      <RootProperty Name="VerticalAlignment" />
      <RootProperty Name="Content" />
      <RootProperty Name="Margin" />
      <RootProperty Name="Minimum" />
      <RootProperty Name="Maximum" />
      <RootProperty Name="TickFrequency" />
      <RootEvent Name="ValueChanged" />
    </RootType>
    <RootType FullName="Windows.UI.Xaml.Controls.Slider">
      <RootProperty Name="SmallChange" />
      <RootProperty Name="Value" />
      <RootProperty Name="Maximum" />
      <RootProperty Name="Minimum" />
      <RootProperty Name="Margin" />
    </RootType>
    <RootType FullName="SampleBrowser.RadialMenu.RadialSliderView" />
    <RootType FullName="Syncfusion.UI.Xaml.Controls.Navigation.EllipseSizeConverter" />
    <RootType FullName="Microsoft.Xaml.DirectUI.ProxyTypes.NullExtension" />
    <RootType FullName="Windows.UI.Xaml.Media.CompositeTransform">
      <RootProperty Name="Rotation" />
    </RootType>
    <RootType FullName="Windows.UI.Xaml.Shapes.Ellipse">
      <RootProperty Name="Fill" />
      <RootProperty Name="Stroke" />
      <RootProperty Name="StrokeThickness" />
      <RootProperty Name="Width" />
      <RootProperty Name="Height" />
      <RootProperty Name="Opacity" />
      <RootProperty Name="HorizontalAlignment" />
      <RootProperty Name="Margin" />
      <RootProperty Name="VerticalAlignment" />
    </RootType>
    <RootType FullName="Syncfusion.UI.Xaml.Controls.Navigation.SfRadialMenu">
      <RootProperty Name="HorizontalAlignment" />
      <RootProperty Name="VerticalAlignment" />
      <RootProperty Name="EnableFreeRotation" />
      <RootProperty Name="Padding" />
      <RootProperty Name="RenderTransform" />
      <RootProperty Name="Icon" />
      <RootProperty Name="Items" />
      <RootProperty Name="IsOpen" />
      <RootProperty Name="Visibility" />
    </RootType>
    <RootType FullName="Syncfusion.UI.Xaml.Controls.Navigation.SfRadialMenuItem">
      <RootProperty Name="HorizontalAlignment" />
      <RootProperty Name="VerticalAlignment" />
      <RootProperty Name="Header" />
      <RootProperty Name="IsEnabled" />
      <RootProperty Name="Items" />
      <RootProperty Name="Name" />
      <RootEvent Name="Click" />
    </RootType>
    <RootType FullName="Syncfusion.UI.Xaml.Controls.Navigation.SfRadialColorItem">
      <RootProperty Name="Color" />
      <RootProperty Name="Items" />
      <RootEvent Name="Click" />
    </RootType>
    <RootType FullName="SampleBrowser.RadialMenu.RadialMenuView" />
    <RootType FullName="Navigation.TabControl.TabControlProperties" />
    <RootType FullName="Syncfusion.UI.Xaml.Controls.Navigation.SfTabControl">
      <RootProperty Name="TabStripPlacement" />
      <RootProperty Name="Background" />
      <RootProperty Name="CloseButtonType" />
      <RootProperty Name="TabScrollButtonVisibility" />
      <RootProperty Name="ShowTabstripMenu" />
      <RootProperty Name="SelectedIndex" />
      <RootProperty Name="ItemsSource" />
      <RootProperty Name="Margin" />
      <RootProperty Name="VerticalAlignment" />
      <RootProperty Name="HeaderTemplate" />
      <RootProperty Name="ContentTemplate" />
      <RootProperty Name="ItemTemplate" />
      <RootEvent Name="TabClosed" />
    </RootType>
    <RootType FullName="Windows.UI.Xaml.Controls.RichTextBlock">
      <RootProperty Name="Margin" />
      <RootProperty Name="Blocks" />
    </RootType>
    <RootType FullName="Windows.UI.Xaml.Documents.Paragraph">
      <RootProperty Name="Inlines" />
    </RootType>
    <RootType FullName="Windows.UI.Xaml.Documents.Run">
      <RootProperty Name="FontSize" />
      <RootProperty Name="Text" />
    </RootType>
    <RootType FullName="Navigation.TabControl.Tab" />
    <RootType FullName="Navigation.TreeNavigator.TreeViewModel">
      <RootProperty Name="Models" />
    </RootType>
    <RootType FullName="Navigation.TreeNavigator.TreeModel">
      <RootProperty Name="Header" />
      <RootProperty Name="Description" />
      <RootProperty Name="Models" />
    </RootType>
    <RootType FullName="Navigation.TreeNavigator.TreeHeaderConverter" />
    <RootType FullName="Navigation.TreeNavigator.TreeDescriptionConverter" />
    <RootType FullName="Syncfusion.UI.Xaml.Primitives.HierarchicalDataTemplate">
      <RootProperty Name="ItemsSource" />
      <RootProperty Name="Template" />
      <RootProperty Name="ItemTemplate" />
    </RootType>
    <RootType FullName="Syncfusion.UI.Xaml.Controls.Navigation.SfTreeNavigatorItem" />
    <RootType FullName="Syncfusion.UI.Xaml.Controls.Navigation.TreeNavigatorHeaderItem" />
    <RootType FullName="Syncfusion.UI.Xaml.Controls.Navigation.SfTreeNavigator">
      <RootProperty Name="HorizontalAlignment" />
      <RootProperty Name="Background" />
      <RootProperty Name="Header" />
      <RootProperty Name="ItemsSource" />
      <RootProperty Name="VerticalAlignment" />
      <RootProperty Name="BorderThickness" />
      <RootProperty Name="Margin" />
      <RootProperty Name="ItemTemplate" />
      <RootProperty Name="Width" />
      <RootProperty Name="NavigationMode" />
      <RootProperty Name="HeaderStyle" />
    </RootType>
    <RootType FullName="Windows.UI.Xaml.Media.Animation.EntranceThemeTransition" />
    <RootType FullName="Navigation.TreeNavigator.TreeNavigatorView" />
  </Roots.RootTypes>
</Roots>
