﻿<?xml version="1.0" encoding="utf-8"?>
<Roots >
  <Roots.PropertyPathNames>
    <RootPropertyPathName Name="Image" />
    <RootPropertyPathName Name="Description" />
    <RootPropertyPathName Name="Title" />
    <RootPropertyPathName Name="Subtitle" />
    <RootPropertyPathName Name="Header" />
    <RootPropertyPathName Name="Group" />
    <RootPropertyPathName Name="Key" />
    <RootPropertyPathName Name="Content" />
    <RootPropertyPathName Name="Width" />
    <RootPropertyPathName Name="Foreground" />
    <RootPropertyPathName Name="Text" />
    <RootPropertyPathName Name="FontWeight" />
    <RootPropertyPathName Name="FontFamily" />
    <RootPropertyPathName Name="FontSize" />
    <RootPropertyPathName Name="TextAlignment" />
    <RootPropertyPathName Name="TextWrapping" />
    <RootPropertyPathName Name="LineHeight" />
    <RootPropertyPathName Name="FontStyle" />
    <RootPropertyPathName Name="WrapText" />
    <RootPropertyPathName Name="TextHorizontalAlignment" />
    <RootPropertyPathName Name="TextVerticalAlignment" />
    <RootPropertyPathName Name="RatingColor" />
    <RootPropertyPathName Name="Designation" />
    <RootPropertyPathName Name="Name" />
    <RootPropertyPathName Name="ImageUrl" />
    <RootPropertyPathName Name="Imageurl" />
  </Roots.PropertyPathNames>
  <Roots.RootTypes>
    <RootType FullName="Windows.UI.Xaml.Application">
      <RootProperty Name="RequestedTheme" />
      <RootProperty Name="Resources" />
    </RootType>
    <RootType FullName="Windows.UI.Xaml.ResourceDictionary">
      <RootProperty Name="ThemeDictionaries" />
      <RootProperty Name="MergedDictionaries" />
      <RootProperty Name="Source" />
    </RootType>
    <RootType FullName="System.String" />
    <RootType FullName="Windows.UI.Xaml.Media.SolidColorBrush">
      <RootProperty Name="Color" />
    </RootType>
    <RootType FullName="Windows.UI.Color" />
    <RootType FullName="Windows.UI.Xaml.Controls.Button">
      <RootProperty Name="Name" />
      <RootProperty Name="Background" />
      <RootProperty Name="Content" />
      <RootProperty Name="BorderBrush" />
      <RootProperty Name="Foreground" />
      <RootProperty Name="Height" />
      <RootProperty Name="Width" />
      <RootProperty Name="Margin" />
    </RootType>
    <RootType FullName="Windows.UI.Xaml.FrameworkElement">
      <RootProperty Name="MinWidth" />
      <RootProperty Name="Height" />
      <RootProperty Name="Margin" />
      <RootProperty Name="VerticalAlignment" />
      <RootProperty Name="MinHeight" />
      <RootProperty Name="Width" />
    </RootType>
    <RootType FullName="Windows.UI.Xaml.Controls.Control">
      <RootProperty Name="FontFamily" />
      <RootProperty Name="FontWeight" />
      <RootProperty Name="FontSize" />
      <RootProperty Name="Template" />
      <RootProperty Name="Foreground" />
      <RootProperty Name="BorderBrush" />
      <RootProperty Name="Padding" />
      <RootProperty Name="Background" />
    </RootType>
    <RootType FullName="Windows.UI.Xaml.Automation.AutomationProperties">
      <RootMethod Name="GetAutomationId" />
      <RootMethod Name="SetAutomationId" />
      <RootMethod Name="GetName" />
      <RootMethod Name="SetName" />
      <RootMethod Name="GetItemType" />
      <RootMethod Name="SetItemType" />
    </RootType>
    <RootType FullName="Windows.UI.Xaml.Controls.RichTextBlock">
      <RootProperty Name="Foreground" />
      <RootProperty Name="FontSize" />
      <RootProperty Name="FontFamily" />
      <RootProperty Name="TextTrimming" />
      <RootProperty Name="TextWrapping" />
      <RootProperty Name="LineHeight" />
      <RootProperty Name="LineStackingStrategy" />
      <RootProperty Name="FontWeight" />
    </RootType>
    <RootType FullName="Windows.UI.Xaml.Documents.Typography">
      <RootMethod Name="GetStylisticSet20" />
      <RootMethod Name="SetStylisticSet20" />
      <RootMethod Name="GetDiscretionaryLigatures" />
      <RootMethod Name="SetDiscretionaryLigatures" />
      <RootMethod Name="GetCaseSensitiveForms" />
      <RootMethod Name="SetCaseSensitiveForms" />
    </RootType>
    <RootType FullName="Windows.UI.Xaml.UIElement">
      <RootProperty Name="RenderTransform" />
      <RootProperty Name="Opacity" />
    </RootType>
    <RootType FullName="Windows.UI.Xaml.Controls.TextBlock">
      <RootProperty Name="Foreground" />
      <RootProperty Name="FontSize" />
      <RootProperty Name="FontFamily" />
      <RootProperty Name="TextTrimming" />
      <RootProperty Name="TextWrapping" />
      <RootProperty Name="LineHeight" />
      <RootProperty Name="LineStackingStrategy" />
      <RootProperty Name="FontWeight" />
      <RootProperty Name="Text" />
      <RootProperty Name="Style" />
      <RootProperty Name="MaxHeight" />
      <RootProperty Name="Height" />
      <RootProperty Name="Margin" />
      <RootProperty Name="Opacity" />
      <RootProperty Name="TextAlignment" />
      <RootProperty Name="Width" />
      <RootProperty Name="VerticalAlignment" />
      <RootProperty Name="Inlines" />
      <RootProperty Name="FontStyle" />
      <RootProperty Name="HorizontalAlignment" />
      <RootProperty Name="RenderTransformOrigin" />
      <RootProperty Name="Name" />
    </RootType>
    <RootType FullName="Windows.UI.Xaml.Controls.Primitives.ButtonBase" />
    <RootType FullName="Windows.UI.Xaml.Controls.RadioButton" />
    <RootType FullName="Windows.UI.Xaml.Controls.ContentControl">
      <RootProperty Name="Content" />
      <RootProperty Name="Background" />
    </RootType>
    <RootType FullName="Windows.UI.Xaml.DataTemplate">
      <RootProperty Name="Template" />
    </RootType>
    <RootType FullName="Windows.UI.Xaml.Controls.ScrollViewer">
      <RootProperty Name="HorizontalScrollBarVisibility" />
      <RootProperty Name="VerticalScrollBarVisibility" />
      <RootProperty Name="HorizontalScrollMode" />
      <RootProperty Name="VerticalScrollMode" />
      <RootProperty Name="ZoomMode" />
    </RootType>
    <RootType FullName="Windows.UI.Xaml.Controls.Panel">
      <RootProperty Name="Background" />
      <RootProperty Name="ChildrenTransitions" />
    </RootType>
    <RootType FullName="Windows.UI.Xaml.Setter">
      <RootProperty Name="Property" />
      <RootProperty Name="Value" />
    </RootType>
    <RootType FullName="Windows.UI.Xaml.Media.Animation.TransitionCollection" />
    <RootType FullName="Windows.UI.Xaml.Media.Animation.EntranceThemeTransition" />
    <RootType FullName="Microsoft.Xaml.DirectUI.ProxyTypes.StaticResourceExtension" />
    <RootType FullName="Windows.UI.Xaml.Controls.Grid">
      <RootProperty Name="Children" />
      <RootProperty Name="Background" />
      <RootProperty Name="ColumnDefinitions" />
      <RootProperty Name="Margin" />
      <RootProperty Name="Width" />
      <RootProperty Name="Height" />
      <RootProperty Name="HorizontalAlignment" />
      <RootProperty Name="RenderTransformOrigin" />
      <RootProperty Name="RenderTransform" />
      <RootProperty Name="RowDefinitions" />
      <RootProperty Name="VerticalAlignment" />
      <RootMethod Name="GetColumn" />
      <RootMethod Name="SetColumn" />
      <RootMethod Name="GetColumnSpan" />
      <RootMethod Name="SetColumnSpan" />
      <RootMethod Name="GetRow" />
      <RootMethod Name="SetRow" />
    </RootType>
    <RootType FullName="Windows.UI.Xaml.Controls.ToolTipService">
      <RootMethod Name="GetPlacement" />
      <RootMethod Name="SetPlacement" />
      <RootMethod Name="GetToolTip" />
      <RootMethod Name="SetToolTip" />
    </RootType>
    <RootType FullName="Windows.UI.Xaml.Controls.Image">
      <RootProperty Name="Source" />
      <RootProperty Name="Width" />
      <RootProperty Name="Height" />
      <RootProperty Name="HorizontalAlignment" />
      <RootProperty Name="VerticalAlignment" />
      <RootProperty Name="Stretch" />
    </RootType>
    <RootType FullName="Windows.UI.Xaml.Data.Binding">
      <RootProperty Name="Path" />
      <RootProperty Name="Mode" />
      <RootProperty Name="ElementName" />
    </RootType>
    <RootType FullName="Windows.UI.Xaml.Controls.ToolTip">
      <RootProperty Name="Style" />
      <RootProperty Name="Content" />
    </RootType>
    <RootType FullName="Windows.UI.Xaml.Controls.ColumnDefinition">
      <RootProperty Name="Width" />
    </RootType>
    <RootType FullName="Windows.UI.Xaml.Controls.StackPanel">
      <RootProperty Name="Width" />
      <RootProperty Name="Margin" />
      <RootProperty Name="Children" />
      <RootProperty Name="VerticalAlignment" />
      <RootProperty Name="Background" />
      <RootProperty Name="Orientation" />
      <RootProperty Name="Height" />
    </RootType>
    <RootType FullName="Windows.UI.Xaml.Controls.Border">
      <RootProperty Name="Background" />
      <RootProperty Name="Margin" />
      <RootProperty Name="Width" />
      <RootProperty Name="Height" />
      <RootProperty Name="Child" />
      <RootProperty Name="Padding" />
      <RootProperty Name="BorderBrush" />
      <RootProperty Name="BorderThickness" />
      <RootProperty Name="CornerRadius" />
      <RootProperty Name="VerticalAlignment" />
    </RootType>
    <RootType FullName="Windows.UI.Xaml.Controls.ControlTemplate">
      <RootProperty Name="TargetType" />
      <RootProperty Name="Template" />
    </RootType>
    <RootType FullName="Windows.UI.Xaml.VisualStateManager">
      <RootMethod Name="GetVisualStateGroups" />
    </RootType>
    <RootType FullName="Windows.UI.Xaml.Shapes.Rectangle">
      <RootProperty Name="IsHitTestVisible" />
      <RootProperty Name="Stroke" />
      <RootProperty Name="StrokeEndLineCap" />
      <RootProperty Name="StrokeDashArray" />
      <RootProperty Name="Opacity" />
      <RootProperty Name="StrokeDashOffset" />
    </RootType>
    <RootType FullName="Windows.UI.Xaml.VisualStateGroup">
      <RootProperty Name="States" />
    </RootType>
    <RootType FullName="Windows.UI.Xaml.VisualState">
      <RootProperty Name="Storyboard" />
    </RootType>
    <RootType FullName="Windows.UI.Xaml.Media.Animation.Storyboard">
      <RootProperty Name="Children" />
      <RootMethod Name="GetTargetName" />
      <RootMethod Name="SetTargetName" />
      <RootMethod Name="GetTargetProperty" />
      <RootMethod Name="SetTargetProperty" />
    </RootType>
    <RootType FullName="Windows.UI.Xaml.Media.Animation.DoubleAnimation">
      <RootProperty Name="To" />
      <RootProperty Name="Duration" />
    </RootType>
    <RootType FullName="Windows.UI.Xaml.Media.Animation.ObjectAnimationUsingKeyFrames">
      <RootProperty Name="KeyFrames" />
    </RootType>
    <RootType FullName="Windows.UI.Xaml.Media.Animation.DiscreteObjectKeyFrame">
      <RootProperty Name="KeyTime" />
      <RootProperty Name="Value" />
    </RootType>
    <RootType FullName="Microsoft.Xaml.DirectUI.ProxyTypes.TemplateBindingExtension" />
    <RootType FullName="Windows.UI.Xaml.Controls.ContentPresenter">
      <RootProperty Name="HorizontalAlignment" />
      <RootProperty Name="Margin" />
      <RootProperty Name="VerticalAlignment" />
      <RootProperty Name="Foreground" />
      <RootProperty Name="Content" />
    </RootType>
    <RootType FullName="Windows.UI.Xaml.Media.TranslateTransform">
      <RootProperty Name="X" />
      <RootProperty Name="Y" />
    </RootType>
    <RootType FullName="Windows.UI.Xaml.Media.ScaleTransform">
      <RootProperty Name="ScaleX" />
    </RootType>
    <RootType FullName="Common.SampleLayout">
      <RootProperty Name="Resources" />
      <RootProperty Name="Sample" />
      <RootProperty Name="Setting" />
      <RootProperty Name="Height" />
    </RootType>
    <RootType FullName="Windows.UI.Xaml.Shapes.Path">
      <RootProperty Name="Data" />
      <RootProperty Name="Fill" />
      <RootProperty Name="Margin" />
      <RootProperty Name="Height" />
      <RootProperty Name="Width" />
      <RootProperty Name="Stretch" />
      <RootProperty Name="UseLayoutRounding" />
      <RootProperty Name="VerticalAlignment" />
      <RootProperty Name="HorizontalAlignment" />
    </RootType>
    <RootType FullName="Windows.UI.Xaml.Shapes.Shape">
      <RootProperty Name="Stroke" />
      <RootProperty Name="StrokeThickness" />
      <RootProperty Name="Stretch" />
      <RootProperty Name="Fill" />
      <RootProperty Name="StrokeDashArray" />
    </RootType>
    <RootType FullName="Syncfusion.UI.Xaml.Diagram.SfDiagram">
      <RootProperty Name="Background" />
      <RootProperty Name="Tool" />
      <RootProperty Name="DefaultConnectorType" />
      <RootProperty Name="SnapSettings" />
      <RootProperty Name="Nodes" />
      <RootProperty Name="Connectors" />
      <RootProperty Name="PortVisibility" />
      <RootProperty Name="PageSettings" />
      <RootProperty Name="ScrollSettings" />
      <RootProperty Name="Resources" />
    </RootType>
    <RootType FullName="Syncfusion.UI.Xaml.Diagram.SnapSettings">
      <RootProperty Name="SnapConstraints" />
    </RootType>
    <RootType FullName="Syncfusion.UI.Xaml.Diagram.NodeCollection" />
    <RootType FullName="Syncfusion.UI.Xaml.Diagram.NodeViewModel">
      <RootProperty Name="OffsetX" />
      <RootProperty Name="OffsetY" />
      <RootProperty Name="Shape" />
      <RootProperty Name="UnitWidth" />
      <RootProperty Name="UnitHeight" />
      <RootProperty Name="ShapeStyle" />
      <RootProperty Name="Annotations" />
    </RootType>
    <RootType FullName="Diagram.AnnotationCollection" />
    <RootType FullName="Syncfusion.UI.Xaml.Diagram.AnnotationEditorViewModel">
      <RootProperty Name="Content" />
      <RootProperty Name="ViewTemplate" />
      <RootProperty Name="Alignment" />
      <RootProperty Name="HorizontalAlignment" />
      <RootProperty Name="VerticalAlignment" />
    </RootType>
    <RootType FullName="Syncfusion.UI.Xaml.Diagram.ConnectorCollection" />
    <RootType FullName="Syncfusion.UI.Xaml.Diagram.ConnectorViewModel">
      <RootProperty Name="ConnectorGeometryStyle" />
      <RootProperty Name="SourcePoint" />
      <RootProperty Name="TargetPoint" />
    </RootType>
    <RootType FullName="Diagram.CircuitDiagram" />
    <RootType FullName="Windows.UI.Xaml.Controls.UserControl">
      <RootProperty Name="Resources" />
      <RootProperty Name="Content" />
      <RootProperty Name="Background" />
    </RootType>
    <RootType FullName="Diagram.FlowDiagram_WP" />
    <RootType FullName="Syncfusion.UI.Xaml.Diagram.DiagramCollection" />
    <RootType FullName="Diagram.HierarchicalTree_WP" />
    <RootType FullName="Windows.UI.Xaml.Controls.TextBox">
      <RootProperty Name="Width" />
      <RootProperty Name="Foreground" />
      <RootProperty Name="Text" />
      <RootProperty Name="FontWeight" />
      <RootProperty Name="FontFamily" />
      <RootProperty Name="FontSize" />
      <RootProperty Name="TextAlignment" />
      <RootProperty Name="IsEnabled" />
      <RootProperty Name="TextWrapping" />
      <RootProperty Name="FontStyle" />
      <RootProperty Name="Name" />
      <RootProperty Name="Height" />
      <RootProperty Name="HorizontalAlignment" />
      <RootProperty Name="BorderBrush" />
      <RootProperty Name="Margin" />
    </RootType>
    <RootType FullName="Windows.UI.Xaml.Documents.Run">
      <RootProperty Name="Text" />
    </RootType>
    <RootType FullName="Diagram.IshikawaDiagram_WP" />
    <RootType FullName="Microsoft.Xaml.DirectUI.ProxyTypes.ThemeResourceExtension" />
    <RootType FullName="Diagram.RadialTree_WP" />
    <RootType FullName="Diagram.SequenceDiagram_WP" />
    <RootType FullName="Diagram.CustomNode" />
    <RootType FullName="Diagram.FlowDiagram" />
    <RootType FullName="Diagram.ConnectorVmCollection" />
    <RootType FullName="Windows.UI.Xaml.Controls.RowDefinition">
      <RootProperty Name="Height" />
    </RootType>
    <RootType FullName="Syncfusion.UI.Xaml.Controls.Input.SfNumericTextBox">
      <RootProperty Name="Name" />
      <RootProperty Name="Margin" />
      <RootProperty Name="MaxLength" />
      <RootProperty Name="HorizontalAlignment" />
      <RootProperty Name="VerticalAlignment" />
      <RootProperty Name="Width" />
      <RootProperty Name="Value" />
      <RootProperty Name="AllowNull" />
      <RootEvent Name="TextChanged" />
    </RootType>
    <RootType FullName="Diagram.HierarchicalTree" />
    <RootType FullName="Diagram.IshikawaDiagram" />
    <RootType FullName="Syncfusion.UI.Xaml.Diagram.Node">
      <RootProperty Name="ShapeStyle" />
      <RootProperty Name="UnitWidth" />
      <RootProperty Name="UnitHeight" />
      <RootProperty Name="OffsetX" />
      <RootProperty Name="OffsetY" />
      <RootProperty Name="HorizontalAlignment" />
      <RootProperty Name="Background" />
      <RootProperty Name="VerticalAlignment" />
      <RootProperty Name="BorderBrush" />
      <RootProperty Name="ContentTemplate" />
      <RootProperty Name="Ports" />
      <RootProperty Name="IsHitTestVisible" />
      <RootProperty Name="Shape" />
      <RootProperty Name="Content" />
    </RootType>
    <RootType FullName="Windows.UI.Xaml.Controls.ComboBox">
      <RootProperty Name="Name" />
      <RootProperty Name="Height" />
      <RootProperty Name="Width" />
      <RootProperty Name="Margin" />
      <RootProperty Name="Background" />
      <RootProperty Name="Style" />
      <RootProperty Name="Items" />
      <RootProperty Name="ItemContainerStyle" />
    </RootType>
    <RootType FullName="Syncfusion.UI.Xaml.Diagram.Connector">
      <RootProperty Name="TargetDecoratorStyle" />
      <RootProperty Name="SourceNode" />
      <RootProperty Name="TargetNode" />
      <RootProperty Name="Ports" />
      <RootProperty Name="SourcePort" />
      <RootProperty Name="TargetPort" />
      <RootProperty Name="PortVisibility" />
      <RootProperty Name="SourceConnector" />
      <RootProperty Name="ConnectorGeometryStyle" />
    </RootType>
    <RootType FullName="Syncfusion.UI.Xaml.Diagram.ConnectorBase">
      <RootProperty Name="ConnectorGeometryStyle" />
    </RootType>
    <RootType FullName="Windows.UI.Xaml.Controls.Canvas">
      <RootMethod Name="GetLeft" />
      <RootMethod Name="SetLeft" />
      <RootMethod Name="GetTop" />
      <RootMethod Name="SetTop" />
    </RootType>
    <RootType FullName="Windows.UI.Xaml.Controls.ComboBoxItem">
      <RootProperty Name="IsSelected" />
      <RootProperty Name="BorderBrush" />
      <RootProperty Name="Background" />
      <RootProperty Name="Content" />
    </RootType>
    <RootType FullName="Syncfusion.UI.Xaml.Diagram.PageSettings">
      <RootProperty Name="PageBorderBrush" />
    </RootType>
    <RootType FullName="Syncfusion.UI.Xaml.Diagram.ScrollSettings">
      <RootProperty Name="ScrollLimit" />
    </RootType>
    <RootType FullName="Diagram.PortCollection" />
    <RootType FullName="Syncfusion.UI.Xaml.Diagram.NodePort">
      <RootProperty Name="UnitWidth" />
      <RootProperty Name="UnitHeight" />
      <RootProperty Name="NodeOffsetX" />
      <RootProperty Name="NodeOffsetY" />
    </RootType>
    <RootType FullName="Windows.UI.Xaml.Media.Imaging.BitmapImage">
      <RootProperty Name="UriSource" />
    </RootType>
    <RootType FullName="Syncfusion.UI.Xaml.Diagram.ConnectorPort">
      <RootProperty Name="UnitWidth" />
      <RootProperty Name="UnitHeight" />
      <RootProperty Name="Shape" />
      <RootProperty Name="ShapeStyle" />
      <RootProperty Name="Length" />
      <RootProperty Name="PortVisibility" />
    </RootType>
    <RootType FullName="Diagram.NodeContent" />
    <RootType FullName="Windows.UI.Xaml.Controls.Primitives.ToggleButton">
      <RootProperty Name="Name" />
      <RootProperty Name="Margin" />
      <RootProperty Name="Width" />
      <RootProperty Name="Height" />
      <RootProperty Name="Template" />
      <RootProperty Name="IsChecked" />
      <RootEvent Name="Click" />
      <RootEvent Name="PointerEntered" />
      <RootEvent Name="PointerExited" />
    </RootType>
    <RootType FullName="Windows.UI.Xaml.Media.Animation.ColorAnimationUsingKeyFrames">
      <RootProperty Name="KeyFrames" />
    </RootType>
    <RootType FullName="Windows.UI.Xaml.Media.Animation.DiscreteColorKeyFrame">
      <RootProperty Name="KeyTime" />
      <RootProperty Name="Value" />
    </RootType>
    <RootType FullName="Diagram.OrganizationChart" />
    <RootType FullName="Windows.UI.Xaml.Shapes.Ellipse">
      <RootProperty Name="Height" />
      <RootProperty Name="Width" />
      <RootProperty Name="Fill" />
    </RootType>
    <RootType FullName="Windows.UI.Xaml.Media.ImageBrush">
      <RootProperty Name="ImageSource" />
      <RootProperty Name="Stretch" />
    </RootType>
    <RootType FullName="Diagram.RadialTree" />
    <RootType FullName="Diagram.SequenceDiagram" />
  </Roots.RootTypes>
</Roots>
