﻿<?xml version="1.0" encoding="utf-8"?>
<Roots >
  <Roots.Interfaces>
    <RootInterface FullName="Windows.UI.Xaml.Data.IValueConverter" />
  </Roots.Interfaces>
  <Roots.PropertyPathNames>
    <RootPropertyPathName Name="SettingsContent" />
    <RootPropertyPathName Name="SampleContent" />
    <RootPropertyPathName Name="Image" />
    <RootPropertyPathName Name="Description" />
    <RootPropertyPathName Name="Title" />
    <RootPropertyPathName Name="Subtitle" />
    <RootPropertyPathName Name="Header" />
    <RootPropertyPathName Name="Group" />
    <RootPropertyPathName Name="Key" />
    <RootPropertyPathName Name="ActualHeight" />
    <RootPropertyPathName Name="SuggestionIndex" />
    <RootPropertyPathName Name="AccentBrush" />
    <RootPropertyPathName Name="ProductName" />
    <RootPropertyPathName Name="SampleName" />
    <RootPropertyPathName Name="SelectedItem" />
    <RootPropertyPathName Name="Value" />
    <RootPropertyPathName Name="AllProducts" />
    <RootPropertyPathName Name="Values" />
    <RootPropertyPathName Name="Name" />
    <RootPropertyPathName Name="SelectedBackground" />
    <RootPropertyPathName Name="SelectedForeground" />
    <RootPropertyPathName Name="Foreground" />
    <RootPropertyPathName Name="Background" />
    <RootPropertyPathName Name="TabstripMenuItemTemplate" />
    <RootPropertyPathName Name="TemplateSettings" />
    <RootPropertyPathName Name="DragItemsCount" />
    <RootPropertyPathName Name="AllSamples" />
    <RootPropertyPathName Name="AllSampleCategory" />
    <RootPropertyPathName Name="AllProductsCategories" />
    <RootPropertyPathName Name="ProductTag" />
    <RootPropertyPathName Name="Tag" />
    <RootPropertyPathName Name="SearchResults" />
    <RootPropertyPathName Name="WhatsNewSamples" />
    <RootPropertyPathName Name="Product" />
    <RootPropertyPathName Name="MobileImage" />
    <RootPropertyPathName Name="ActualWidth" />
    <RootPropertyPathName Name="Setting" />
    <RootPropertyPathName Name="ClickCommand" />
    <RootPropertyPathName Name="Pathstring" />
    <RootPropertyPathName Name="OptionVisibility" />
    <RootPropertyPathName Name="Sample" />
    <RootPropertyPathName Name="ShowcaseSamples" />
    <RootPropertyPathName Name="ShowcaseVisibility" />
    <RootPropertyPathName Name="WhatsNewVisibility" />
    <RootPropertyPathName Name="FontIcons" />
    <RootPropertyPathName Name="DesktopImage" />
    <RootPropertyPathName Name="WhatsNewDescription" />
  </Roots.PropertyPathNames>
  <Roots.RootTypes>
    <RootType FullName="Windows.UI.Xaml.Controls.UserControl">
      <RootProperty Name="Resources" />
      <RootProperty Name="Content" />
      <RootProperty Name="Background" />
      <RootEvent Name="Loaded" />
    </RootType>
    <RootType FullName="Windows.UI.Xaml.Controls.Button">
      <RootProperty Name="IsTabStop" />
      <RootProperty Name="Margin" />
      <RootProperty Name="Style" />
      <RootProperty Name="HorizontalAlignment" />
      <RootProperty Name="MinWidth" />
      <RootProperty Name="MinHeight" />
      <RootProperty Name="BorderThickness" />
      <RootProperty Name="FontSize" />
      <RootProperty Name="Visibility" />
      <RootProperty Name="VerticalAlignment" />
      <RootProperty Name="Content" />
      <RootProperty Name="Background" />
      <RootProperty Name="FontFamily" />
      <RootProperty Name="Foreground" />
      <RootProperty Name="Width" />
      <RootProperty Name="FontWeight" />
      <RootProperty Name="BorderBrush" />
      <RootProperty Name="Command" />
      <RootProperty Name="Height" />
      <RootProperty Name="ContentTemplate" />
      <RootProperty Name="Name" />
      <RootEvent Name="Click" />
      <RootEvent Name="PointerEntered" />
      <RootEvent Name="PointerExited" />
    </RootType>
    <RootType FullName="Windows.UI.Xaml.FrameworkElement">
      <RootProperty Name="MinWidth" />
      <RootProperty Name="Width" />
      <RootProperty Name="Height" />
      <RootProperty Name="VerticalAlignment" />
      <RootProperty Name="Margin" />
      <RootProperty Name="MinHeight" />
      <RootProperty Name="HorizontalAlignment" />
    </RootType>
    <RootType FullName="Windows.UI.Xaml.Controls.Control">
      <RootProperty Name="FontFamily" />
      <RootProperty Name="FontWeight" />
      <RootProperty Name="FontSize" />
      <RootProperty Name="Template" />
      <RootProperty Name="Foreground" />
      <RootProperty Name="BorderBrush" />
      <RootProperty Name="Padding" />
      <RootProperty Name="Background" />
      <RootProperty Name="BorderThickness" />
      <RootProperty Name="TabNavigation" />
      <RootProperty Name="HorizontalContentAlignment" />
      <RootProperty Name="IsEnabled" />
      <RootProperty Name="IsTabStop" />
      <RootProperty Name="VerticalContentAlignment" />
      <RootProperty Name="UseSystemFocusVisuals" />
      <RootProperty Name="CharacterSpacing" />
      <RootMethod Name="GetIsTemplateFocusTarget" />
      <RootMethod Name="SetIsTemplateFocusTarget" />
    </RootType>
    <RootType FullName="Windows.UI.Xaml.Automation.AutomationProperties">
      <RootMethod Name="GetAutomationId" />
      <RootMethod Name="SetAutomationId" />
      <RootMethod Name="GetName" />
      <RootMethod Name="SetName" />
      <RootMethod Name="GetItemType" />
      <RootMethod Name="SetItemType" />
      <RootMethod Name="GetAccessibilityView" />
      <RootMethod Name="SetAccessibilityView" />
    </RootType>
    <RootType FullName="Windows.UI.Xaml.UIElement">
      <RootProperty Name="RenderTransform" />
      <RootProperty Name="RenderTransformOrigin" />
      <RootProperty Name="IsHoldingEnabled" />
    </RootType>
    <RootType FullName="Windows.UI.Xaml.Media.Animation.Storyboard">
      <RootProperty Name="Children" />
      <RootMethod Name="GetTargetProperty" />
      <RootMethod Name="SetTargetProperty" />
      <RootMethod Name="GetTargetName" />
      <RootMethod Name="SetTargetName" />
    </RootType>
    <RootType FullName="Windows.UI.Xaml.Media.Animation.DoubleAnimationUsingKeyFrames">
      <RootProperty Name="KeyFrames" />
      <RootProperty Name="BeginTime" />
      <RootProperty Name="Duration" />
      <RootProperty Name="EnableDependentAnimation" />
    </RootType>
    <RootType FullName="Windows.UI.Xaml.Media.Animation.EasingDoubleKeyFrame">
      <RootProperty Name="KeyTime" />
      <RootProperty Name="Value" />
      <RootProperty Name="EasingFunction" />
    </RootType>
    <RootType FullName="Windows.UI.Xaml.Media.Animation.CircleEase" />
    <RootType FullName="Windows.UI.Xaml.Setter">
      <RootProperty Name="Property" />
      <RootProperty Name="Value" />
    </RootType>
    <RootType FullName="Windows.UI.Xaml.Controls.ControlTemplate">
      <RootProperty Name="TargetType" />
      <RootProperty Name="Template" />
    </RootType>
    <RootType FullName="Windows.UI.Xaml.Controls.Grid">
      <RootProperty Name="Children" />
      <RootProperty Name="Margin" />
      <RootProperty Name="ColumnDefinitions" />
      <RootProperty Name="Background" />
      <RootProperty Name="RowDefinitions" />
      <RootProperty Name="Resources" />
      <RootProperty Name="Width" />
      <RootProperty Name="Height" />
      <RootProperty Name="HorizontalAlignment" />
      <RootProperty Name="RenderTransformOrigin" />
      <RootProperty Name="RenderTransform" />
      <RootProperty Name="BorderThickness" />
      <RootProperty Name="VerticalAlignment" />
      <RootProperty Name="Opacity" />
      <RootProperty Name="Visibility" />
      <RootProperty Name="Name" />
      <RootProperty Name="DataContext" />
      <RootProperty Name="CornerRadius" />
      <RootProperty Name="MaxWidth" />
      <RootProperty Name="BorderBrush" />
      <RootProperty Name="Tag" />
      <RootProperty Name="ChildrenTransitions" />
      <RootMethod Name="GetColumn" />
      <RootMethod Name="SetColumn" />
      <RootMethod Name="GetRow" />
      <RootMethod Name="SetRow" />
      <RootMethod Name="GetColumnSpan" />
      <RootMethod Name="SetColumnSpan" />
      <RootMethod Name="GetRowSpan" />
      <RootMethod Name="SetRowSpan" />
    </RootType>
    <RootType FullName="Windows.UI.Xaml.VisualStateManager">
      <RootMethod Name="GetVisualStateGroups" />
    </RootType>
    <RootType FullName="Windows.UI.Xaml.Shapes.Rectangle">
      <RootProperty Name="IsHitTestVisible" />
      <RootProperty Name="Stroke" />
      <RootProperty Name="StrokeEndLineCap" />
      <RootProperty Name="StrokeDashArray" />
      <RootProperty Name="Opacity" />
      <RootProperty Name="StrokeDashOffset" />
      <RootProperty Name="Fill" />
      <RootProperty Name="Visibility" />
      <RootProperty Name="RadiusX" />
      <RootProperty Name="RadiusY" />
      <RootProperty Name="StrokeThickness" />
      <RootProperty Name="Width" />
      <RootProperty Name="Height" />
      <RootProperty Name="VerticalAlignment" />
      <RootProperty Name="Margin" />
    </RootType>
    <RootType FullName="Microsoft.Xaml.DirectUI.ProxyTypes.StaticResourceExtension" />
    <RootType FullName="Windows.UI.Xaml.Controls.TextBlock">
      <RootProperty Name="Text" />
      <RootProperty Name="Foreground" />
      <RootProperty Name="Opacity" />
      <RootProperty Name="FontSize" />
      <RootProperty Name="VerticalAlignment" />
      <RootProperty Name="Margin" />
      <RootProperty Name="FontFamily" />
      <RootProperty Name="TextTrimming" />
      <RootProperty Name="TextWrapping" />
      <RootProperty Name="LineHeight" />
      <RootProperty Name="LineStackingStrategy" />
      <RootProperty Name="FontWeight" />
      <RootProperty Name="Style" />
      <RootProperty Name="MaxHeight" />
      <RootProperty Name="Height" />
      <RootProperty Name="TextAlignment" />
      <RootProperty Name="Width" />
      <RootProperty Name="HorizontalAlignment" />
      <RootProperty Name="IsHitTestVisible" />
      <RootProperty Name="TextLineBounds" />
      <RootProperty Name="Visibility" />
      <RootEvent Name="PointerPressed" />
    </RootType>
    <RootType FullName="Windows.UI.Xaml.VisualStateGroup">
      <RootProperty Name="States" />
      <RootProperty Name="Transitions" />
    </RootType>
    <RootType FullName="Windows.UI.Xaml.VisualState">
      <RootProperty Name="Storyboard" />
    </RootType>
    <RootType FullName="Windows.UI.Xaml.Media.Animation.DoubleAnimation">
      <RootProperty Name="To" />
      <RootProperty Name="Duration" />
      <RootProperty Name="BeginTime" />
    </RootType>
    <RootType FullName="Windows.UI.Xaml.Media.Animation.ObjectAnimationUsingKeyFrames">
      <RootProperty Name="KeyFrames" />
      <RootProperty Name="Duration" />
    </RootType>
    <RootType FullName="Windows.UI.Xaml.Media.Animation.DiscreteObjectKeyFrame">
      <RootProperty Name="KeyTime" />
      <RootProperty Name="Value" />
    </RootType>
    <RootType FullName="Windows.UI.Xaml.Media.ScaleTransform">
      <RootProperty Name="ScaleX" />
      <RootProperty Name="ScaleY" />
    </RootType>
    <RootType FullName="Windows.UI.Xaml.Controls.ColumnDefinition">
      <RootProperty Name="Width" />
      <RootProperty Name="MaxWidth" />
      <RootProperty Name="MinWidth" />
    </RootType>
    <RootType FullName="Windows.UI.Xaml.Controls.RowDefinition">
      <RootProperty Name="Height" />
    </RootType>
    <RootType FullName="Windows.UI.Xaml.Controls.ContentControl">
      <RootProperty Name="IsTabStop" />
      <RootProperty Name="Content" />
      <RootProperty Name="HorizontalContentAlignment" />
      <RootProperty Name="VerticalContentAlignment" />
      <RootProperty Name="VerticalAlignment" />
      <RootProperty Name="ContentTemplate" />
      <RootProperty Name="ContentTemplateSelector" />
      <RootProperty Name="Margin" />
      <RootProperty Name="Foreground" />
      <RootProperty Name="FontFamily" />
      <RootProperty Name="Padding" />
      <RootProperty Name="FontSize" />
      <RootProperty Name="Tag" />
      <RootProperty Name="Visibility" />
      <RootProperty Name="Background" />
      <RootProperty Name="HorizontalAlignment" />
    </RootType>
    <RootType FullName="Windows.UI.Xaml.Data.Binding">
      <RootProperty Name="ElementName" />
      <RootProperty Name="Path" />
      <RootProperty Name="RelativeSource" />
      <RootProperty Name="Mode" />
      <RootProperty Name="Converter" />
    </RootType>
    <RootType FullName="Common.SampleView" />
    <RootType FullName="Windows.UI.Xaml.ResourceDictionary">
      <RootProperty Name="ThemeDictionaries" />
    </RootType>
    <RootType FullName="System.String" />
    <RootType FullName="Windows.UI.Xaml.Media.SolidColorBrush">
      <RootProperty Name="Color" />
    </RootType>
    <RootType FullName="Windows.UI.Color" />
    <RootType FullName="Windows.UI.Xaml.Controls.RichTextBlock">
      <RootProperty Name="Foreground" />
      <RootProperty Name="FontSize" />
      <RootProperty Name="FontFamily" />
      <RootProperty Name="TextTrimming" />
      <RootProperty Name="TextWrapping" />
      <RootProperty Name="LineHeight" />
      <RootProperty Name="LineStackingStrategy" />
      <RootProperty Name="FontWeight" />
    </RootType>
    <RootType FullName="Windows.UI.Xaml.Documents.Typography">
      <RootMethod Name="GetStylisticSet20" />
      <RootMethod Name="SetStylisticSet20" />
      <RootMethod Name="GetDiscretionaryLigatures" />
      <RootMethod Name="SetDiscretionaryLigatures" />
      <RootMethod Name="GetCaseSensitiveForms" />
      <RootMethod Name="SetCaseSensitiveForms" />
    </RootType>
    <RootType FullName="Windows.UI.Xaml.Controls.Primitives.ButtonBase" />
    <RootType FullName="Windows.UI.Xaml.Controls.RadioButton" />
    <RootType FullName="Windows.UI.Xaml.DataTemplate">
      <RootProperty Name="Template" />
    </RootType>
    <RootType FullName="Windows.UI.Xaml.Controls.ScrollViewer">
      <RootProperty Name="HorizontalScrollBarVisibility" />
      <RootProperty Name="VerticalScrollBarVisibility" />
      <RootProperty Name="HorizontalScrollMode" />
      <RootProperty Name="VerticalScrollMode" />
      <RootProperty Name="ZoomMode" />
      <RootProperty Name="VerticalAlignment" />
      <RootProperty Name="IsTabStop" />
      <RootProperty Name="IsHorizontalRailEnabled" />
      <RootProperty Name="IsVerticalRailEnabled" />
      <RootProperty Name="IsDeferredScrollingEnabled" />
      <RootProperty Name="Margin" />
      <RootProperty Name="Padding" />
      <RootProperty Name="Background" />
      <RootProperty Name="BorderBrush" />
      <RootProperty Name="BorderThickness" />
      <RootProperty Name="Content" />
      <RootProperty Name="MinHeight" />
      <RootProperty Name="BringIntoViewOnFocusChange" />
      <RootProperty Name="TabNavigation" />
      <RootProperty Name="HorizontalAlignment" />
      <RootEvent Name="ViewChanged" />
      <RootMethod Name="GetHorizontalScrollBarVisibility" />
      <RootMethod Name="SetHorizontalScrollBarVisibility" />
      <RootMethod Name="GetVerticalScrollBarVisibility" />
      <RootMethod Name="SetVerticalScrollBarVisibility" />
      <RootMethod Name="GetIsDeferredScrollingEnabled" />
      <RootMethod Name="SetIsDeferredScrollingEnabled" />
      <RootMethod Name="GetVerticalScrollMode" />
      <RootMethod Name="SetVerticalScrollMode" />
    </RootType>
    <RootType FullName="Windows.UI.Xaml.Controls.Panel">
      <RootProperty Name="Background" />
      <RootProperty Name="ChildrenTransitions" />
    </RootType>
    <RootType FullName="Windows.UI.Xaml.Media.Animation.TransitionCollection" />
    <RootType FullName="Windows.UI.Xaml.Media.Animation.EntranceThemeTransition" />
    <RootType FullName="Windows.UI.Xaml.Controls.ToolTipService">
      <RootMethod Name="GetPlacement" />
      <RootMethod Name="SetPlacement" />
      <RootMethod Name="GetToolTip" />
      <RootMethod Name="SetToolTip" />
      <RootMethod Name="GetPlacementTarget" />
      <RootMethod Name="SetPlacementTarget" />
    </RootType>
    <RootType FullName="Windows.UI.Xaml.Controls.Image">
      <RootProperty Name="Source" />
      <RootProperty Name="Width" />
      <RootProperty Name="Height" />
      <RootProperty Name="HorizontalAlignment" />
      <RootProperty Name="VerticalAlignment" />
      <RootProperty Name="Stretch" />
      <RootProperty Name="Margin" />
    </RootType>
    <RootType FullName="Windows.UI.Xaml.Controls.ToolTip">
      <RootProperty Name="Style" />
      <RootProperty Name="Content" />
    </RootType>
    <RootType FullName="Windows.UI.Xaml.Controls.StackPanel">
      <RootProperty Name="Width" />
      <RootProperty Name="Margin" />
      <RootProperty Name="Children" />
      <RootProperty Name="VerticalAlignment" />
      <RootProperty Name="Background" />
      <RootProperty Name="Orientation" />
      <RootProperty Name="HorizontalAlignment" />
      <RootProperty Name="Height" />
      <RootProperty Name="BorderBrush" />
      <RootProperty Name="BorderThickness" />
      <RootProperty Name="Visibility" />
    </RootType>
    <RootType FullName="Windows.UI.Xaml.Controls.Border">
      <RootProperty Name="Background" />
      <RootProperty Name="Margin" />
      <RootProperty Name="Width" />
      <RootProperty Name="Height" />
      <RootProperty Name="Child" />
      <RootProperty Name="BorderBrush" />
      <RootProperty Name="BorderThickness" />
      <RootProperty Name="Padding" />
      <RootProperty Name="VerticalAlignment" />
      <RootProperty Name="Visibility" />
      <RootProperty Name="HorizontalAlignment" />
      <RootProperty Name="CornerRadius" />
      <RootProperty Name="Name" />
    </RootType>
    <RootType FullName="Microsoft.Xaml.DirectUI.ProxyTypes.TemplateBindingExtension" />
    <RootType FullName="Windows.UI.Xaml.Controls.ContentPresenter">
      <RootProperty Name="HorizontalAlignment" />
      <RootProperty Name="Margin" />
      <RootProperty Name="VerticalAlignment" />
      <RootProperty Name="Foreground" />
      <RootProperty Name="Content" />
      <RootProperty Name="FontFamily" />
      <RootProperty Name="FontWeight" />
      <RootProperty Name="FontSize" />
      <RootProperty Name="TextWrapping" />
      <RootProperty Name="LineStackingStrategy" />
      <RootProperty Name="TextLineBounds" />
      <RootProperty Name="OpticalMarginAlignment" />
      <RootProperty Name="ContentTransitions" />
      <RootProperty Name="ContentTemplate" />
      <RootProperty Name="Style" />
      <RootProperty Name="FontStretch" />
      <RootProperty Name="FontStyle" />
      <RootProperty Name="ContentTemplateSelector" />
      <RootProperty Name="Tag" />
      <RootProperty Name="RenderTransform" />
      <RootProperty Name="BorderBrush" />
      <RootProperty Name="BorderThickness" />
      <RootProperty Name="Padding" />
      <RootProperty Name="HorizontalContentAlignment" />
      <RootProperty Name="VerticalContentAlignment" />
    </RootType>
    <RootType FullName="Windows.UI.Xaml.Media.TranslateTransform">
      <RootProperty Name="X" />
      <RootProperty Name="Y" />
    </RootType>
    <RootType FullName="Windows.UI.Xaml.Controls.Page">
      <RootProperty Name="Resources" />
      <RootProperty Name="Content" />
      <RootProperty Name="Background" />
      <RootProperty Name="BorderThickness" />
      <RootProperty Name="BorderBrush" />
      <RootEvent Name="Loaded" />
    </RootType>
    <RootType FullName="Syncfusion.UI.Xaml.Controls.Input.SfTextBoxExt">
      <RootProperty Name="Visibility" />
      <RootProperty Name="Watermark" />
      <RootProperty Name="FontSize" />
      <RootProperty Name="FontFamily" />
      <RootProperty Name="Padding" />
      <RootProperty Name="Background" />
      <RootProperty Name="BorderBrush" />
      <RootProperty Name="BorderThickness" />
      <RootProperty Name="Width" />
      <RootProperty Name="Foreground" />
      <RootProperty Name="Height" />
      <RootProperty Name="VerticalAlignment" />
      <RootProperty Name="HorizontalContentAlignment" />
      <RootProperty Name="VerticalContentAlignment" />
      <RootEvent Name="LostFocus" />
      <RootEvent Name="KeyDown" />
      <RootEvent Name="GotFocus" />
    </RootType>
    <RootType FullName="Windows.UI.Xaml.Controls.ListBoxItem">
      <RootProperty Name="Name" />
      <RootProperty Name="Content" />
      <RootProperty Name="Visibility" />
    </RootType>
    <RootType FullName="Syncfusion.UI.Xaml.Controls.Layout.LayoutTransformer">
      <RootProperty Name="HorizontalAlignment" />
      <RootProperty Name="VerticalAlignment" />
      <RootProperty Name="Style" />
      <RootProperty Name="Foreground" />
      <RootProperty Name="FontFamily" />
      <RootProperty Name="FontSize" />
      <RootProperty Name="FontStretch" />
      <RootProperty Name="FontStyle" />
      <RootProperty Name="FontWeight" />
      <RootProperty Name="Content" />
      <RootProperty Name="ContentTemplate" />
    </RootType>
    <RootType FullName="Syncfusion.UI.Xaml.Controls.Layout.ExpandableContentControl">
      <RootProperty Name="IsTabStop" />
      <RootProperty Name="Percentage" />
      <RootProperty Name="Content" />
      <RootProperty Name="ContentTemplate" />
      <RootProperty Name="Margin" />
      <RootProperty Name="Style" />
      <RootProperty Name="FontFamily" />
      <RootProperty Name="FontSize" />
      <RootProperty Name="FontStretch" />
      <RootProperty Name="FontStyle" />
      <RootProperty Name="FontWeight" />
      <RootProperty Name="Foreground" />
      <RootProperty Name="HorizontalContentAlignment" />
      <RootProperty Name="VerticalContentAlignment" />
      <RootProperty Name="HorizontalAlignment" />
      <RootProperty Name="VerticalAlignment" />
    </RootType>
    <RootType FullName="Syncfusion.UI.Xaml.Controls.Layout.AccordionButton">
      <RootProperty Name="AccentBrush" />
      <RootProperty Name="Style" />
      <RootProperty Name="Content" />
      <RootProperty Name="ContentTemplate" />
      <RootProperty Name="IsChecked" />
      <RootProperty Name="IsTabStop" />
      <RootProperty Name="FontFamily" />
      <RootProperty Name="FontSize" />
      <RootProperty Name="FontStretch" />
      <RootProperty Name="FontStyle" />
      <RootProperty Name="FontWeight" />
      <RootProperty Name="Foreground" />
      <RootProperty Name="HorizontalContentAlignment" />
      <RootProperty Name="VerticalContentAlignment" />
      <RootProperty Name="HorizontalAlignment" />
      <RootProperty Name="VerticalAlignment" />
      <RootProperty Name="Background" />
    </RootType>
    <RootType FullName="Syncfusion.UI.Xaml.Controls.Layout.SfAccordion">
      <RootProperty Name="AccentBrush" />
      <RootProperty Name="Height" />
      <RootProperty Name="Background" />
      <RootProperty Name="Style" />
      <RootProperty Name="ItemContainerStyle" />
      <RootProperty Name="BorderThickness" />
      <RootProperty Name="SelectionMode" />
      <RootProperty Name="HeaderTemplate" />
      <RootProperty Name="ContentTemplate" />
      <RootProperty Name="ItemsSource" />
      <RootProperty Name="Margin" />
      <RootProperty Name="HorizontalAlignment" />
      <RootProperty Name="VerticalAlignment" />
      <RootProperty Name="Width" />
    </RootType>
    <RootType FullName="Windows.UI.Xaml.Controls.ItemsControl">
      <RootProperty Name="ItemsPanel" />
    </RootType>
    <RootType FullName="Syncfusion.UI.Xaml.Controls.Layout.SfAccordionItem">
      <RootProperty Name="ExpandableContentControlStyle" />
      <RootProperty Name="AccordionButtonStyle" />
      <RootProperty Name="IsSelected" />
    </RootType>
    <RootType FullName="Windows.UI.Xaml.Visibility" />
    <RootType FullName="Windows.UI.Xaml.Shapes.Path">
      <RootProperty Name="Data" />
      <RootProperty Name="Stretch" />
      <RootProperty Name="Fill" />
      <RootProperty Name="Width" />
      <RootProperty Name="Height" />
      <RootProperty Name="Margin" />
      <RootProperty Name="RenderTransformOrigin" />
      <RootProperty Name="RenderTransform" />
      <RootProperty Name="HorizontalAlignment" />
      <RootProperty Name="VerticalAlignment" />
    </RootType>
    <RootType FullName="Windows.UI.Xaml.Media.TransformGroup">
      <RootProperty Name="Children" />
    </RootType>
    <RootType FullName="Windows.UI.Xaml.Media.RotateTransform">
      <RootProperty Name="Angle" />
    </RootType>
    <RootType FullName="Windows.UI.Xaml.Data.RelativeSource">
      <RootProperty Name="Mode" />
    </RootType>
    <RootType FullName="Windows.UI.Xaml.Controls.Primitives.Popup">
      <RootProperty Name="IsOpen" />
      <RootProperty Name="Child" />
    </RootType>
    <RootType FullName="Syncfusion.UI.Xaml.Controls.Input.SuggestionBox">
      <RootProperty Name="ItemsSource" />
      <RootProperty Name="MaxHeight" />
      <RootProperty Name="SelectedIndex" />
      <RootProperty Name="BorderBrush" />
      <RootProperty Name="Background" />
      <RootProperty Name="ItemContainerStyle" />
    </RootType>
    <RootType FullName="Microsoft.Xaml.DirectUI.ProxyTypes.ThemeResourceExtension" />
    <RootType FullName="Windows.UI.Xaml.VisualTransition">
      <RootProperty Name="GeneratedDuration" />
      <RootProperty Name="From" />
      <RootProperty Name="To" />
    </RootType>
    <RootType FullName="Windows.UI.Xaml.Media.Animation.SplineDoubleKeyFrame">
      <RootProperty Name="KeySpline" />
      <RootProperty Name="KeyTime" />
      <RootProperty Name="Value" />
    </RootType>
    <RootType FullName="Microsoft.Xaml.DirectUI.ProxyTypes.NullExtension" />
    <RootType FullName="Windows.UI.Xaml.Controls.ItemsPresenter" />
    <RootType FullName="Windows.UI.Xaml.Controls.ItemsPanelTemplate">
      <RootProperty Name="Template" />
    </RootType>
    <RootType FullName="Windows.UI.Xaml.Media.SkewTransform" />
    <RootType FullName="Common.ControlsPage">
      <RootProperty Name="DataContext" />
    </RootType>
    <RootType FullName="Common.CustomListBox">
      <RootProperty Name="ItemsSource" />
      <RootProperty Name="ItemContainerStyle" />
      <RootProperty Name="Background" />
      <RootProperty Name="ItemTemplate" />
      <RootEvent Name="SelectionChanged" />
      <RootEvent Name="Loaded" />
    </RootType>
    <RootType FullName="Common.ControlsHome" />
    <RootType FullName="Common.TagNameToColor" />
    <RootType FullName="Common.TagEnumToString" />
    <RootType FullName="Windows.UI.Xaml.Controls.ListViewItem" />
    <RootType FullName="Windows.UI.Xaml.Controls.Primitives.RepeatButton">
      <RootProperty Name="Style" />
      <RootProperty Name="Margin" />
      <RootProperty Name="Background" />
      <RootProperty Name="Foreground" />
      <RootProperty Name="BorderBrush" />
      <RootProperty Name="HorizontalAlignment" />
      <RootProperty Name="VerticalAlignment" />
      <RootProperty Name="Height" />
      <RootProperty Name="Width" />
      <RootProperty Name="Visibility" />
    </RootType>
    <RootType FullName="Syncfusion.UI.Xaml.Controls.Navigation.SfTabControl">
      <RootProperty Name="ContentTransitions" />
      <RootProperty Name="TabControlHorizontalTemplate" />
      <RootProperty Name="ItemContainerStyle" />
      <RootProperty Name="TabScrollButtonVisibility" />
      <RootProperty Name="ShowTabstripMenu" />
      <RootProperty Name="TabstripMenuItemTemplate" />
      <RootProperty Name="TabControlVerticalTemplate" />
    </RootType>
    <RootType FullName="Syncfusion.UI.Xaml.Controls.Navigation.SfTabItem">
      <RootProperty Name="SelectedForeground" />
      <RootProperty Name="SelectedBackground" />
      <RootProperty Name="HeaderTemplate" />
      <RootProperty Name="Header" />
    </RootType>
    <RootType FullName="Windows.UI.Xaml.Shapes.Ellipse">
      <RootProperty Name="Width" />
      <RootProperty Name="Height" />
      <RootProperty Name="Fill" />
      <RootProperty Name="Visibility" />
      <RootProperty Name="Stroke" />
      <RootProperty Name="StrokeThickness" />
    </RootType>
    <RootType FullName="Syncfusion.UI.Xaml.Controls.Navigation.SfTabPanel">
      <RootProperty Name="Visibility" />
    </RootType>
    <RootType FullName="Windows.UI.Xaml.Media.Animation.DiscreteDoubleKeyFrame">
      <RootProperty Name="Value" />
      <RootProperty Name="KeyTime" />
    </RootType>
    <RootType FullName="Windows.UI.Xaml.Controls.Canvas">
      <RootMethod Name="GetZIndex" />
      <RootMethod Name="SetZIndex" />
    </RootType>
    <RootType FullName="Windows.UI.Xaml.Controls.ListView">
      <RootProperty Name="Margin" />
      <RootProperty Name="Background" />
      <RootProperty Name="ItemContainerStyle" />
      <RootProperty Name="ItemTemplate" />
    </RootType>
    <RootType FullName="Windows.UI.Xaml.Controls.ListBox">
      <RootProperty Name="ItemsSource" />
      <RootProperty Name="Visibility" />
      <RootProperty Name="ItemContainerStyle" />
      <RootProperty Name="Margin" />
      <RootProperty Name="Background" />
      <RootProperty Name="ItemTemplate" />
      <RootProperty Name="Name" />
      <RootProperty Name="SelectionMode" />
      <RootProperty Name="SelectedIndex" />
      <RootProperty Name="Items" />
      <RootProperty Name="Foreground" />
      <RootEvent Name="SelectionChanged" />
    </RootType>
    <RootType FullName="Windows.UI.Xaml.Controls.ComboBox">
      <RootProperty Name="Height" />
      <RootProperty Name="Width" />
      <RootProperty Name="Visibility" />
      <RootProperty Name="DisplayMemberPath" />
      <RootProperty Name="ItemsSource" />
      <RootEvent Name="DataContextChanged" />
      <RootEvent Name="SelectionChanged" />
    </RootType>
    <RootType FullName="Common.StringToPathConverter" />
    <RootType FullName="Common.AccordiancounttoMargin" />
    <RootType FullName="Common.SampleContent" />
    <RootType FullName="Common.SearchView" />
    <RootType FullName="Common.WhatsNewTemplate">
      <RootProperty Name="VerticalAlignment" />
      <RootProperty Name="DataContext" />
      <RootProperty Name="Margin" />
    </RootType>
    <RootType FullName="Common.WhatsNewPage" />
    <RootType FullName="Windows.UI.Xaml.Controls.GridView">
      <RootProperty Name="Margin" />
      <RootProperty Name="ItemsSource" />
      <RootProperty Name="IsSwipeEnabled" />
      <RootProperty Name="IsItemClickEnabled" />
      <RootProperty Name="SelectionMode" />
      <RootProperty Name="ItemsPanel" />
      <RootProperty Name="ItemTemplate" />
      <RootProperty Name="BorderThickness" />
      <RootProperty Name="Transitions" />
      <RootProperty Name="Header" />
      <RootProperty Name="CanDragItems" />
      <RootProperty Name="AllowDrop" />
      <RootProperty Name="CanReorderItems" />
      <RootProperty Name="BorderBrush" />
      <RootEvent Name="ItemClick" />
    </RootType>
    <RootType FullName="Windows.UI.Xaml.Controls.ItemsWrapGrid">
      <RootProperty Name="Orientation" />
    </RootType>
    <RootType FullName="Windows.UI.Xaml.Controls.Primitives.PivotHeaderItem" />
    <RootType FullName="Windows.UI.Xaml.Controls.Pivot">
      <RootProperty Name="ItemsSource" />
      <RootProperty Name="Background" />
      <RootProperty Name="Margin" />
      <RootProperty Name="HeaderTemplate" />
      <RootProperty Name="ItemTemplate" />
      <RootEvent Name="SelectionChanged" />
    </RootType>
    <RootType FullName="Syncfusion.UI.Xaml.Controls.Notification.SfBusyIndicator">
      <RootProperty Name="Foreground" />
      <RootProperty Name="AnimationType" />
      <RootProperty Name="ViewboxHeight" />
      <RootProperty Name="ViewboxWidth" />
      <RootProperty Name="HorizontalAlignment" />
      <RootProperty Name="VerticalAlignment" />
    </RootType>
    <RootType FullName="Common.MobileSamplePage" />
    <RootType FullName="Common.MobileSearchResultView" />
    <RootType FullName="Windows.UI.Xaml.Controls.Viewbox">
      <RootProperty Name="VerticalAlignment" />
      <RootProperty Name="HorizontalAlignment" />
      <RootProperty Name="Child" />
    </RootType>
    <RootType FullName="Common.TileLayout">
      <RootProperty Name="Margin" />
      <RootProperty Name="DataContext" />
    </RootType>
    <RootType FullName="Common.SamplePage" />
    <RootType FullName="Common_2015.SearchPage" />
    <RootType FullName="Common.InfoPage" />
    <RootType FullName="Windows.UI.Xaml.Controls.SplitView">
      <RootProperty Name="IsPaneOpen" />
      <RootProperty Name="DisplayMode" />
      <RootProperty Name="CompactPaneLength" />
      <RootProperty Name="OpenPaneLength" />
      <RootProperty Name="PaneBackground" />
      <RootProperty Name="Pane" />
      <RootProperty Name="Content" />
      <RootEvent Name="PaneClosed" />
    </RootType>
    <RootType FullName="Windows.UI.Xaml.Controls.RelativePanel">
      <RootProperty Name="Children" />
    </RootType>
    <RootType FullName="Windows.UI.Xaml.Controls.Frame">
      <RootProperty Name="Name" />
      <RootProperty Name="Margin" />
    </RootType>
    <RootType FullName="Common.MainPage" />
    <RootType FullName="Common.NullToCollapseConverter" />
    <RootType FullName="Common.SampleLayout" />
    <RootType FullName="Common.ShowcaseHome" />
    <RootType FullName="Common.ShowcasePage" />
    <RootType FullName="Windows.UI.Xaml.Media.Animation.PointerDownThemeAnimation" />
    <RootType FullName="Windows.UI.Xaml.Media.Animation.PointerUpThemeAnimation" />
    <RootType FullName="Common.TagVisibility" />
    <RootType FullName="Windows.UI.Xaml.Controls.GridViewItem" />
    <RootType FullName="Windows.UI.Xaml.Controls.Primitives.ListViewItemPresenter">
      <RootProperty Name="Margin" />
      <RootProperty Name="ContentTransitions" />
      <RootProperty Name="SelectionCheckMarkVisualEnabled" />
      <RootProperty Name="CheckBrush" />
      <RootProperty Name="CheckBoxBrush" />
      <RootProperty Name="DragBackground" />
      <RootProperty Name="DragForeground" />
      <RootProperty Name="FocusBorderBrush" />
      <RootProperty Name="FocusSecondaryBorderBrush" />
      <RootProperty Name="PlaceholderBackground" />
      <RootProperty Name="PointerOverBackground" />
      <RootProperty Name="PointerOverForeground" />
      <RootProperty Name="SelectedBackground" />
      <RootProperty Name="SelectedForeground" />
      <RootProperty Name="SelectedPointerOverBackground" />
      <RootProperty Name="PressedBackground" />
      <RootProperty Name="SelectedPressedBackground" />
      <RootProperty Name="DisabledOpacity" />
      <RootProperty Name="DragOpacity" />
      <RootProperty Name="ReorderHintOffset" />
      <RootProperty Name="HorizontalContentAlignment" />
      <RootProperty Name="VerticalContentAlignment" />
      <RootProperty Name="ContentMargin" />
      <RootProperty Name="CheckMode" />
    </RootType>
    <RootType FullName="Windows.UI.Xaml.Controls.VariableSizedWrapGrid">
      <RootProperty Name="MaximumRowsOrColumns" />
      <RootProperty Name="HorizontalAlignment" />
      <RootProperty Name="HorizontalChildrenAlignment" />
      <RootProperty Name="Orientation" />
    </RootType>
    <RootType FullName="Common.WhatsNewContentPage" />
  </Roots.RootTypes>
</Roots>
