﻿<?xml version="1.0" encoding="utf-8"?>
<Roots >
  <Roots.Interfaces>
    <RootInterface FullName="Windows.UI.Xaml.Data.IValueConverter" />
  </Roots.Interfaces>
  <Roots.PropertyPathNames>
    <RootPropertyPathName Name="YData" />
    <RootPropertyPathName Name="Item" />
    <RootPropertyPathName Name="Category" />
    <RootPropertyPathName Name="LabelContent" />
    <RootPropertyPathName Name="Products" />
    <RootPropertyPathName Name="BoxWhiskerData" />
    <RootPropertyPathName Name="RevenueDetails" />
    <RootPropertyPathName Name="Product" />
    <RootPropertyPathName Name="DataPoints" />
    <RootPropertyPathName Name="power" />
    <RootPropertyPathName Name="AdornmentsInfo" />
    <RootPropertyPathName Name="AdornmentInfo4" />
    <RootPropertyPathName Name="AdornmentInfo7" />
    <RootPropertyPathName Name="AdornmentInfo6" />
    <RootPropertyPathName Name="AdornmentInfo3" />
    <RootPropertyPathName Name="AdornmentInfo2" />
    <RootPropertyPathName Name="AdornmentInfo1" />
    <RootPropertyPathName Name="AdornmentInfo5" />
    <RootPropertyPathName Name="SplineRangeAreaAdornmentInfo" />
    <RootPropertyPathName Name="StockPriceDetails" />
    <RootPropertyPathName Name="ViewRangeStart" />
    <RootPropertyPathName Name="ZoomFactor" />
  </Roots.PropertyPathNames>
  <Roots.RootTypes>
    <RootType FullName="Windows.UI.Xaml.Application">
      <RootProperty Name="RequestedTheme" />
    </RootType>
    <RootType FullName="Common.SampleLayout">
      <RootProperty Name="Sample" />
    </RootType>
    <RootType FullName="Windows.UI.Xaml.Controls.ContentControl">
      <RootProperty Name="Margin" />
      <RootProperty Name="Content" />
    </RootType>
    <RootType FullName="Windows.UI.Xaml.Controls.Grid">
      <RootProperty Name="HorizontalAlignment" />
      <RootProperty Name="VerticalAlignment" />
      <RootProperty Name="Resources" />
      <RootProperty Name="RowDefinitions" />
      <RootProperty Name="Children" />
      <RootProperty Name="IsHitTestVisible" />
      <RootProperty Name="Background" />
      <RootProperty Name="DataContext" />
      <RootMethod Name="GetRow" />
      <RootMethod Name="SetRow" />
    </RootType>
    <RootType FullName="Windows.UI.Xaml.ResourceDictionary" />
    <RootType FullName="Syncfusion.SampleBrowser.UWP.SfChart.LineChartLabelConverter" />
    <RootType FullName="Windows.UI.Xaml.DataTemplate">
      <RootProperty Name="Template" />
    </RootType>
    <RootType FullName="Windows.UI.Xaml.Controls.TextBlock">
      <RootProperty Name="Foreground" />
      <RootProperty Name="FontFamily" />
      <RootProperty Name="FontSize" />
      <RootProperty Name="Inlines" />
      <RootProperty Name="Text" />
      <RootProperty Name="HorizontalAlignment" />
      <RootProperty Name="VerticalAlignment" />
      <RootProperty Name="TextWrapping" />
      <RootProperty Name="Margin" />
    </RootType>
    <RootType FullName="Windows.UI.Xaml.Documents.Run">
      <RootProperty Name="Text" />
    </RootType>
    <RootType FullName="Windows.UI.Xaml.Data.Binding">
      <RootProperty Name="Mode" />
      <RootProperty Name="Converter" />
      <RootProperty Name="ElementName" />
      <RootProperty Name="Path" />
    </RootType>
    <RootType FullName="Windows.UI.Xaml.Shapes.Ellipse">
      <RootProperty Name="Height" />
      <RootProperty Name="Width" />
      <RootProperty Name="Stroke" />
      <RootProperty Name="Fill" />
      <RootProperty Name="StrokeThickness" />
      <RootProperty Name="HorizontalAlignment" />
      <RootProperty Name="IsHitTestVisible" />
      <RootProperty Name="VerticalAlignment" />
    </RootType>
    <RootType FullName="Windows.UI.Xaml.Controls.Border">
      <RootProperty Name="BorderBrush" />
      <RootProperty Name="Background" />
      <RootProperty Name="Resources" />
      <RootProperty Name="Child" />
      <RootProperty Name="BorderThickness" />
    </RootType>
    <RootType FullName="Windows.UI.Xaml.Setter">
      <RootProperty Name="Property" />
      <RootProperty Name="Value" />
    </RootType>
    <RootType FullName="Windows.UI.Xaml.Controls.StackPanel">
      <RootProperty Name="Orientation" />
      <RootProperty Name="Children" />
      <RootProperty Name="HorizontalAlignment" />
      <RootProperty Name="Margin" />
    </RootType>
    <RootType FullName="Microsoft.Xaml.DirectUI.ProxyTypes.StaticResourceExtension" />
    <RootType FullName="Windows.UI.Xaml.Controls.RowDefinition" />
    <RootType FullName="Syncfusion.UI.Xaml.Charts.SfChart">
      <RootProperty Name="Palette" />
      <RootProperty Name="ColorModel" />
      <RootProperty Name="Header" />
      <RootProperty Name="AreaBorderThickness" />
      <RootProperty Name="VerticalAlignment" />
      <RootProperty Name="DataContext" />
      <RootProperty Name="Legend" />
      <RootProperty Name="PrimaryAxis" />
      <RootProperty Name="SecondaryAxis" />
      <RootProperty Name="Visibility" />
      <RootProperty Name="Series" />
      <RootProperty Name="Margin" />
      <RootProperty Name="Behaviors" />
    </RootType>
    <RootType FullName="Windows.UI.Xaml.Controls.ComboBox">
      <RootProperty Name="Width" />
      <RootProperty Name="SelectedIndex" />
      <RootProperty Name="Items" />
      <RootProperty Name="Name" />
      <RootProperty Name="HorizontalAlignment" />
      <RootEvent Name="SelectionChanged" />
    </RootType>
    <RootType FullName="Windows.UI.Xaml.Controls.ComboBoxItem">
      <RootProperty Name="Content" />
    </RootType>
    <RootType FullName="Syncfusion.SampleBrowser.UWP.SfChart.WheatProductionViewModel" />
    <RootType FullName="Syncfusion.UI.Xaml.Charts.ChartLegend" />
    <RootType FullName="Syncfusion.UI.Xaml.Charts.CategoryAxis">
      <RootProperty Name="Header" />
      <RootProperty Name="PlotOffset" />
      <RootProperty Name="ShowGridLines" />
      <RootProperty Name="LabelPlacement" />
      <RootProperty Name="LabelRotationAngle" />
      <RootProperty Name="LabelFormat" />
      <RootProperty Name="ZoomFactor" />
      <RootProperty Name="AxisLineStyle" />
      <RootProperty Name="MajorTickLineStyle" />
      <RootProperty Name="LabelTemplate" />
      <RootProperty Name="FontSize" />
      <RootProperty Name="HeaderTemplate" />
      <RootProperty Name="ZoomPosition" />
    </RootType>
    <RootType FullName="Syncfusion.UI.Xaml.Charts.NumericalAxis">
      <RootProperty Name="Header" />
      <RootProperty Name="Minimum" />
      <RootProperty Name="Interval" />
      <RootProperty Name="Maximum" />
      <RootProperty Name="ShowGridLines" />
      <RootProperty Name="LabelTemplate" />
      <RootProperty Name="RangePadding" />
      <RootProperty Name="ZoomFactor" />
      <RootProperty Name="AxisLineStyle" />
      <RootProperty Name="MajorTickLineStyle" />
      <RootProperty Name="FontSize" />
      <RootProperty Name="HeaderTemplate" />
      <RootProperty Name="StartRangeFromZero" />
    </RootType>
    <RootType FullName="Syncfusion.UI.Xaml.Charts.SplineRangeAreaSeries">
      <RootProperty Name="VisibilityOnLegend" />
      <RootProperty Name="EnableAnimation" />
      <RootProperty Name="XBindingPath" />
      <RootProperty Name="ShowTooltip" />
      <RootProperty Name="High" />
      <RootProperty Name="Low" />
      <RootProperty Name="ItemsSource" />
      <RootProperty Name="Interior" />
      <RootProperty Name="Stroke" />
      <RootProperty Name="AdornmentsInfo" />
    </RootType>
    <RootType FullName="Syncfusion.SampleBrowser.UWP.SfChart.BoxWhiskerViewModel" />
    <RootType FullName="Syncfusion.UI.Xaml.Charts.BoxAndWhiskerSeries">
      <RootProperty Name="ItemsSource" />
      <RootProperty Name="XBindingPath" />
      <RootProperty Name="YBindingPath" />
      <RootProperty Name="ShowTooltip" />
      <RootProperty Name="ShowMedian" />
      <RootProperty Name="Palette" />
      <RootProperty Name="ColorModel" />
    </RootType>
    <RootType FullName="Syncfusion.SampleBrowser.UWP.SfChart.WaterfallViewModel" />
    <RootType FullName="Syncfusion.UI.Xaml.Charts.WaterfallSeries">
      <RootProperty Name="EnableAnimation" />
      <RootProperty Name="NegativeSegmentBrush" />
      <RootProperty Name="Interior" />
      <RootProperty Name="SummarySegmentBrush" />
      <RootProperty Name="ItemsSource" />
      <RootProperty Name="XBindingPath" />
      <RootProperty Name="SummaryBindingPath" />
      <RootProperty Name="YBindingPath" />
      <RootProperty Name="ShowTooltip" />
      <RootProperty Name="TooltipTemplate" />
      <RootProperty Name="AdornmentsInfo" />
    </RootType>
    <RootType FullName="Syncfusion.SampleBrowser.UWP.SfChart.HistogramViewModel" />
    <RootType FullName="Syncfusion.UI.Xaml.Charts.HistogramSeries">
      <RootProperty Name="Label" />
      <RootProperty Name="HistogramInterval" />
      <RootProperty Name="ShowTooltip" />
      <RootProperty Name="ItemsSource" />
      <RootProperty Name="VisibilityOnLegend" />
      <RootProperty Name="XBindingPath" />
      <RootProperty Name="YBindingPath" />
      <RootProperty Name="Palette" />
      <RootProperty Name="ColorModel" />
      <RootProperty Name="AdornmentsInfo" />
    </RootType>
    <RootType FullName="Syncfusion.SampleBrowser.UWP.SfChart.ScatterViewModel" />
    <RootType FullName="Syncfusion.UI.Xaml.Charts.ScatterSeries">
      <RootProperty Name="EnableAnimation" />
      <RootProperty Name="VisibilityOnLegend" />
      <RootProperty Name="XBindingPath" />
      <RootProperty Name="ShowTooltip" />
      <RootProperty Name="YBindingPath" />
      <RootProperty Name="ItemsSource" />
      <RootProperty Name="ScatterHeight" />
      <RootProperty Name="ScatterWidth" />
    </RootType>
    <RootType FullName="Syncfusion.SampleBrowser.UWP.SfChart.LineChartViewModel" />
    <RootType FullName="Syncfusion.UI.Xaml.Charts.ColumnSeries">
      <RootProperty Name="Palette" />
      <RootProperty Name="ColorModel" />
      <RootProperty Name="EnableAnimation" />
      <RootProperty Name="ShowTooltip" />
      <RootProperty Name="Label" />
      <RootProperty Name="XBindingPath" />
      <RootProperty Name="YBindingPath" />
      <RootProperty Name="ItemsSource" />
      <RootProperty Name="VisibilityOnLegend" />
      <RootProperty Name="AdornmentsInfo" />
    </RootType>
    <RootType FullName="Syncfusion.SampleBrowser.UWP.SfChart.BasicCharts" />
    <RootType FullName="Microsoft.Xaml.DirectUI.ProxyTypes.ThemeResourceExtension" />
    <RootType FullName="Windows.UI.Xaml.Shapes.Line" />
    <RootType FullName="Windows.UI.Xaml.Shapes.Shape">
      <RootProperty Name="Stroke" />
      <RootProperty Name="StrokeThickness" />
    </RootType>
    <RootType FullName="Windows.UI.Xaml.Controls.Hub">
      <RootProperty Name="Sections" />
    </RootType>
    <RootType FullName="Windows.UI.Xaml.Controls.HubSection">
      <RootProperty Name="Header" />
      <RootProperty Name="Width" />
      <RootProperty Name="ContentTemplate" />
    </RootType>
    <RootType FullName="Syncfusion.SampleBrowser.UWP.SfChart.WaterfallViewModelMobile" />
    <RootType FullName="Syncfusion.UI.Xaml.Charts.StepAreaSeries">
      <RootProperty Name="Stroke" />
      <RootProperty Name="Interior" />
      <RootProperty Name="AdornmentsInfo" />
      <RootProperty Name="XBindingPath" />
      <RootProperty Name="Label" />
      <RootProperty Name="ShowTooltip" />
      <RootProperty Name="YBindingPath" />
      <RootProperty Name="ItemsSource" />
    </RootType>
    <RootType FullName="Syncfusion.UI.Xaml.Charts.StepLineSeries">
      <RootProperty Name="XBindingPath" />
      <RootProperty Name="Label" />
      <RootProperty Name="YBindingPath" />
      <RootProperty Name="AdornmentsInfo" />
      <RootProperty Name="ShowTooltip" />
      <RootProperty Name="ItemsSource" />
    </RootType>
    <RootType FullName="Syncfusion.UI.Xaml.Charts.SplineSeries">
      <RootProperty Name="XBindingPath" />
      <RootProperty Name="Label" />
      <RootProperty Name="YBindingPath" />
      <RootProperty Name="AdornmentsInfo" />
      <RootProperty Name="ItemsSource" />
      <RootProperty Name="ShowTooltip" />
    </RootType>
    <RootType FullName="Syncfusion.UI.Xaml.Charts.LineSeries">
      <RootProperty Name="ShowTooltip" />
      <RootProperty Name="XBindingPath" />
      <RootProperty Name="Label" />
      <RootProperty Name="AdornmentsInfo" />
      <RootProperty Name="YBindingPath" />
      <RootProperty Name="ItemsSource" />
    </RootType>
    <RootType FullName="Syncfusion.SampleBrowser.UWP.SfChart.HiLoChartViewModel" />
    <RootType FullName="Syncfusion.UI.Xaml.Charts.ChartZoomPanBehavior" />
    <RootType FullName="Syncfusion.UI.Xaml.Charts.HiLoSeries">
      <RootProperty Name="ItemsSource" />
      <RootProperty Name="XBindingPath" />
      <RootProperty Name="High" />
      <RootProperty Name="Low" />
    </RootType>
    <RootType FullName="Syncfusion.UI.Xaml.Charts.CandleSeries">
      <RootProperty Name="ItemsSource" />
      <RootProperty Name="XBindingPath" />
      <RootProperty Name="High" />
      <RootProperty Name="Low" />
      <RootProperty Name="Open" />
      <RootProperty Name="Close" />
    </RootType>
    <RootType FullName="Syncfusion.UI.Xaml.Charts.HiLoOpenCloseSeries">
      <RootProperty Name="ItemsSource" />
      <RootProperty Name="XBindingPath" />
      <RootProperty Name="High" />
      <RootProperty Name="Low" />
      <RootProperty Name="Open" />
      <RootProperty Name="Close" />
    </RootType>
    <RootType FullName="Syncfusion.SampleBrowser.UWP.SfChart.FinancialCharts" />
    <RootType FullName="Windows.UI.Xaml.Controls.Page">
      <RootProperty Name="Content" />
    </RootType>
    <RootType FullName="Syncfusion.SampleBrowser.UWP.SfChart.ResourceFactory" />
    <RootType FullName="Windows.UI.Xaml.Media.SolidColorBrush">
      <RootProperty Name="Color" />
    </RootType>
    <RootType FullName="Windows.UI.Color" />
    <RootType FullName="Syncfusion.UI.Xaml.Charts.ChartColorModel">
      <RootProperty Name="CustomBrushes" />
    </RootType>
  </Roots.RootTypes>
</Roots>
