﻿<?xml version="1.0" encoding="utf-8"?>
<Roots >
  <Roots.Interfaces>
    <RootInterface FullName="Windows.UI.Xaml.Data.IValueConverter" />
  </Roots.Interfaces>
  <Roots.PropertyPathNames>
    <RootPropertyPathName Name="PopulationDetails" />
    <RootPropertyPathName Name="Data" />
    <RootPropertyPathName Name="Country" />
    <RootPropertyPathName Name="Population" />
    <RootPropertyPathName Name="Growth" />
    <RootPropertyPathName Name="ActualWidth" />
    <RootPropertyPathName Name="Header" />
    <RootPropertyPathName Name="Name" />
    <RootPropertyPathName Name="Expense" />
    <RootPropertyPathName Name="Sales" />
  </Roots.PropertyPathNames>
  <Roots.RootTypes>
    <RootType FullName="Windows.UI.Xaml.Application">
      <RootProperty Name="RequestedTheme" />
    </RootType>
    <RootType FullName="Windows.UI.Xaml.Controls.Page">
      <RootProperty Name="Content" />
    </RootType>
    <RootType FullName="Windows.UI.Xaml.Controls.Grid">
      <RootProperty Name="Background" />
      <RootProperty Name="ColumnDefinitions" />
      <RootProperty Name="Children" />
      <RootProperty Name="Resources" />
      <RootProperty Name="Width" />
      <RootProperty Name="Height" />
      <RootProperty Name="RowDefinitions" />
      <RootProperty Name="Margin" />
      <RootMethod Name="GetColumn" />
      <RootMethod Name="SetColumn" />
      <RootMethod Name="GetRow" />
      <RootMethod Name="SetRow" />
    </RootType>
    <RootType FullName="Microsoft.Xaml.DirectUI.ProxyTypes.ThemeResourceExtension" />
    <RootType FullName="Syncfusion.SampleBrowser.UWP.TreeMap.MainPage" />
    <RootType FullName="Windows.UI.Xaml.Controls.UserControl">
      <RootProperty Name="DataContext" />
      <RootProperty Name="Content" />
    </RootType>
    <RootType FullName="TreeMapWinRTSamples.PopulationViewModel" />
    <RootType FullName="Windows.UI.Xaml.Controls.ColumnDefinition">
      <RootProperty Name="Width" />
    </RootType>
    <RootType FullName="Windows.UI.Xaml.Controls.StackPanel">
      <RootProperty Name="Margin" />
      <RootProperty Name="Children" />
      <RootProperty Name="HorizontalAlignment" />
      <RootProperty Name="Orientation" />
      <RootProperty Name="Height" />
      <RootProperty Name="Width" />
      <RootProperty Name="VerticalAlignment" />
    </RootType>
    <RootType FullName="Windows.UI.Xaml.Controls.TextBlock">
      <RootProperty Name="Text" />
      <RootProperty Name="FontWeight" />
      <RootProperty Name="Margin" />
      <RootProperty Name="TextWrapping" />
      <RootProperty Name="Foreground" />
      <RootProperty Name="FontSize" />
      <RootProperty Name="HorizontalAlignment" />
      <RootProperty Name="VerticalAlignment" />
      <RootProperty Name="Width" />
      <RootProperty Name="FontFamily" />
    </RootType>
    <RootType FullName="Windows.UI.Xaml.Controls.RadioButton">
      <RootProperty Name="FontSize" />
      <RootProperty Name="Content" />
      <RootProperty Name="Margin" />
      <RootProperty Name="IsChecked" />
      <RootEvent Name="Checked" />
    </RootType>
    <RootType FullName="TreeMapWinRTSamples.StringFormatConverter" />
    <RootType FullName="Windows.UI.Xaml.Controls.Border">
      <RootProperty Name="BorderThickness" />
      <RootProperty Name="Margin" />
      <RootProperty Name="BorderBrush" />
      <RootProperty Name="Child" />
    </RootType>
    <RootType FullName="Syncfusion.UI.Xaml.TreeMap.SfTreeMap">
      <RootProperty Name="ItemsSource" />
      <RootProperty Name="WeightValuePath" />
      <RootProperty Name="ColorValuePath" />
      <RootProperty Name="ItemsLayoutMode" />
      <RootProperty Name="Margin" />
      <RootProperty Name="ShowToolTip" />
      <RootProperty Name="LeafItemSettings" />
      <RootProperty Name="ToolTipTemplate" />
      <RootProperty Name="Legend" />
      <RootProperty Name="LeafColorMapping" />
      <RootProperty Name="Levels" />
    </RootType>
    <RootType FullName="Windows.UI.Xaml.Data.Binding">
      <RootProperty Name="Converter" />
      <RootProperty Name="ConverterParameter" />
      <RootProperty Name="ElementName" />
    </RootType>
    <RootType FullName="Syncfusion.UI.Xaml.TreeMap.LeafItemSettings">
      <RootProperty Name="LabelTemplate" />
      <RootProperty Name="BorderBrush" />
      <RootProperty Name="BorderThickness" />
    </RootType>
    <RootType FullName="Windows.UI.Xaml.DataTemplate">
      <RootProperty Name="Template" />
    </RootType>
    <RootType FullName="Microsoft.Xaml.DirectUI.ProxyTypes.StaticResourceExtension" />
    <RootType FullName="Syncfusion.UI.Xaml.TreeMap.TreeMapLegend">
      <RootProperty Name="BorderThickness" />
      <RootProperty Name="LegendItemMargin" />
      <RootProperty Name="LegendItemElementMargin" />
      <RootProperty Name="BorderBrush" />
      <RootProperty Name="Padding" />
      <RootProperty Name="Margin" />
      <RootProperty Name="HorizontalAlignment" />
      <RootProperty Name="LegendIconHeight" />
      <RootProperty Name="LegendIconWidth" />
      <RootProperty Name="FontFamily" />
      <RootProperty Name="FontWeight" />
      <RootProperty Name="FontSize" />
      <RootProperty Name="Foreground" />
      <RootProperty Name="Width" />
      <RootProperty Name="Header" />
    </RootType>
    <RootType FullName="Syncfusion.UI.Xaml.TreeMap.RangeBrushColorMapping">
      <RootProperty Name="Brushes" />
    </RootType>
    <RootType FullName="Syncfusion.UI.Xaml.TreeMap.RangeBrush">
      <RootProperty Name="Color" />
      <RootProperty Name="From" />
      <RootProperty Name="To" />
      <RootProperty Name="LegendLabel" />
    </RootType>
    <RootType FullName="Syncfusion.UI.Xaml.TreeMap.TreeMapFlatLevel">
      <RootProperty Name="GroupPath" />
      <RootProperty Name="GroupGap" />
      <RootProperty Name="HeaderHeight" />
      <RootProperty Name="HeaderTemplate" />
    </RootType>
    <RootType FullName="TreeMapWinRTSamples.FlatCollectionTreeMap" />
    <RootType FullName="TreeMapWinRTSamples.CountrySalesCollection" />
    <RootType FullName="Windows.UI.Xaml.Controls.RowDefinition">
      <RootProperty Name="Height" />
    </RootType>
    <RootType FullName="Syncfusion.UI.Xaml.TreeMap.DesaturationColorMapping">
      <RootProperty Name="From" />
      <RootProperty Name="To" />
      <RootProperty Name="Color" />
      <RootProperty Name="RangeMinimum" />
      <RootProperty Name="RangeMaximum" />
    </RootType>
    <RootType FullName="Syncfusion.UI.Xaml.TreeMap.TreeMapHierarchicalLevel">
      <RootProperty Name="ChildPath" />
      <RootProperty Name="ChildGap" />
      <RootProperty Name="HeaderHeight" />
      <RootProperty Name="ShowLabels" />
      <RootProperty Name="HeaderTemplate" />
      <RootProperty Name="LabelTemplate" />
    </RootType>
    <RootType FullName="Windows.UI.Xaml.Shapes.Ellipse">
      <RootProperty Name="Height" />
      <RootProperty Name="Width" />
      <RootProperty Name="Stroke" />
      <RootProperty Name="StrokeThickness" />
      <RootProperty Name="Fill" />
    </RootType>
    <RootType FullName="Windows.UI.Xaml.Media.LinearGradientBrush">
      <RootProperty Name="EndPoint" />
      <RootProperty Name="StartPoint" />
      <RootProperty Name="GradientStops" />
    </RootType>
    <RootType FullName="Windows.UI.Xaml.Media.GradientStop">
      <RootProperty Name="Color" />
      <RootProperty Name="Offset" />
    </RootType>
    <RootType FullName="TreeMapWinRTSamples.HierarchicalCollectionTreeMap" />
  </Roots.RootTypes>
</Roots>
