﻿<?xml version="1.0" encoding="utf-8"?>
<Roots >
  <Roots.RootTypes>
    <RootType FullName="Windows.UI.Xaml.Application">
      <RootProperty Name="RequestedTheme" />
    </RootType>
    <RootType FullName="Windows.UI.Xaml.Controls.Page">
      <RootProperty Name="Content" />
    </RootType>
    <RootType FullName="Windows.UI.Xaml.Controls.Grid">
      <RootProperty Name="Children" />
      <RootProperty Name="RowDefinitions" />
      <RootMethod Name="GetRow" />
      <RootMethod Name="SetRow" />
    </RootType>
    <RootType FullName="Syncfusion.UI.Xaml.Spreadsheet.SfSpreadsheetRibbon">
      <RootProperty Name="DataContext" />
      <RootProperty Name="Content" />
      <RootProperty Name="Margin" />
    </RootType>
    <RootType FullName="Windows.UI.Xaml.Data.Binding">
      <RootProperty Name="ElementName" />
    </RootType>
    <RootType FullName="Syncfusion.UI.Xaml.Spreadsheet.SfSpreadsheet">
      <RootProperty Name="Margin" />
    </RootType>
    <RootType FullName="SpreadsheetSamples.SpreadsheetShowcase" />
    <RootType FullName="Windows.UI.Xaml.Controls.RowDefinition">
      <RootProperty Name="Height" />
    </RootType>
    <RootType FullName="Common.SampleLayout">
      <RootProperty Name="Content" />
    </RootType>
    <RootType FullName="SpreadsheetSamples.AdvancedConditionalFormatting" />
    <RootType FullName="SpreadsheetSamples.CellFormatting" />
    <RootType FullName="SpreadsheetSamples.Chart" />
    <RootType FullName="SpreadsheetSamples.ConditionalFormatting" />
    <RootType FullName="SpreadsheetSamples.Formula" />
    <RootType FullName="SpreadsheetSamples.GettingStarted" />
    <RootType FullName="SpreadsheetSamples.GraphicCell" />
    <RootType FullName="SpreadsheetSamples.Localization" />
    <RootType FullName="SpreadsheetSamples.Outline" />
    <RootType FullName="SpreadsheetSamples.Sparkline" />
  </Roots.RootTypes>
</Roots>
