﻿<?xml version="1.0" encoding="utf-8" ?>
<Products>
  <TileGroup Header="All Controls">
    <Tile Header="Product Showcase" CategoryName="CELL GRID" Type="CellGrid.MainPage" Assembly="SampleBrowser"
           EnableUpdated="false"
           Description="CellGrid Control"/>
    <Tile Header="Getting Started" CategoryName="CELL GRID" Type="CellGrid.MainPage" Assembly="SampleBrowser"
           EnableUpdated="false"
           Description="CellGrid Control"/>
    <Tile Header="Appearance" CategoryName="CELL GRID" Type="CellGrid.MainPage" Assembly="SampleBrowser"
           EnableUpdated="false"
           Description="CellGrid Control"/>
    <Tile Header="Performance" CategoryName="CELL GRID" Type="CellGrid.MainPage" Assembly="SampleBrowser"
           EnableUpdated="false"
           Description="CellGrid Control"/>
    <Tile Header="Interactive Features" CategoryName="CELL GRID" Type="CellGrid.MainPage" Assembly="SampleBrowser"
           EnableUpdated="false"
           Description="CellGrid Control"/>
    <Tile Header="Excel Like Features" CategoryName="CELL GRID" Type="CellGrid.MainPage" Assembly="SampleBrowser"
           EnableUpdated="false"
           Description="CellGrid Control"/>
  </TileGroup>
</Products>